age_group,mean_filler_rate,std_filler_rate,mean_filler_per_min,n_speakers
60s,0.05352029765705827,0.04272835131140257,0.9454463132960607,95
70s,0.042121986136181885,0.03894944283809446,0.7270675804464937,14
50s,0.038258994132723934,0.03152380398626613,0.687451135192314,83
80s,0.038147022657999706,0.05634310611820656,0.911096256684492,4
40s,0.037664805944742905,0.03166076669743208,0.7702412074528464,94
30s,0.03485537179434426,0.04850100596197755,0.6640269340966358,107
10s,0.028148335843135173,0.01990122750122517,0.36876126279380533,9
20s,0.024357009442654325,0.021328553085137567,0.4652710600627153,90
0s,0.018880353901450948,0.016685751816718268,0.24583333333333335,3
90s,0.016598624838848303,0.0037224142971788612,0.19202898550724637,2
