source_file,speaker,filler_utterances,会話ID,話者間の関係性,会話時間,会話ID_utt,total_utterances,filler_rate,filler_per_min,会話ID_scr,話者ID,年齢,性別,age_mid,会話ID_pairs,年齢_partner,性別_partner,age_mid_partner,age_direction,gender_pair,age_group
C001_002,IC01_玲子,7,C001_002,友人知人,17,C001_002,467,0.014989293361884369,0.4117647058823529,C001_002,C001,40-44歳,女性,42.0,C001_002,40-44歳,女性,42.0,same,F→F,40s
C001_002,IC02_美沙,25,C001_002,友人知人,17,C001_002,364,0.06868131868131869,1.4705882352941178,C001_002,C001_002,40-44歳,女性,42.0,C001_002,40-44歳,女性,42.0,same,F→F,40s
C001_003,IC01_玲子,64,C001_003,友人知人,46,C001_003,1010,0.06336633663366337,1.391304347826087,C001_003,C001,40-44歳,女性,42.0,C001_003,45-49歳,女性,47.0,younger,F→F,40s
C001_003,IC02_夏樹,39,C001_003,友人知人,46,C001_003,960,0.040625,0.8478260869565217,C001_003,C001_001,45-49歳,女性,47.0,C001_003,40-44歳,女性,42.0,older,F→F,40s
C001_004,IC01_玲子,6,C001_004,同僚,17,C001_004,339,0.017699115044247787,0.35294117647058826,C001_004,C001,40-44歳,女性,42.0,C001_004,35-39歳,男性,37.0,older,F→M,40s
C001_004,IC02_辰嶋,30,C001_004,同僚,17,C001_004,341,0.08797653958944282,1.7647058823529411,C001_004,C001_005,35-39歳,男性,37.0,C001_004,40-44歳,女性,42.0,younger,M→F,30s
C001_005,IC04_玲子,1,C001_005,家族,17,C001_005,220,0.004545454545454545,0.058823529411764705,C001_005,C001,40-44歳,女性,42.0,C001_005,70-74歳,女性,72.0,younger,F→F,40s
C001_005,IC05_母,1,C001_005,家族,17,C001_005,247,0.004048582995951417,0.058823529411764705,C001_005,C001_007,70-74歳,女性,72.0,C001_005,40-44歳,女性,42.0,older,F→F,70s
C001_006,IC04_玲子,5,C001_006,家族,18,C001_006,323,0.015479876160990712,0.2777777777777778,C001_006,C001,40-44歳,女性,42.0,C001_006,70-74歳,女性,72.0,younger,F→F,40s
C001_012,IC04_辰嶋,33,C001_012,同僚,39,C001_012,548,0.060218978102189784,0.8461538461538461,C001_012,C001_005,35-39歳,男性,37.0,C001_012,40-44歳,女性,42.0,younger,M→F,30s
C001_012,IC05_玲子,42,C001_012,同僚,39,C001_012,692,0.06069364161849711,1.0769230769230769,C001_012,C001,40-44歳,女性,42.0,C001_012,35-39歳,男性,37.0,older,F→M,40s
C001_013,IC04_辰嶋,27,C001_013,同僚,34,C001_013,619,0.04361873990306947,0.7941176470588235,C001_013,C001_005,35-39歳,男性,37.0,C001_013,40-44歳,女性,42.0,younger,M→F,30s
C001_013,IC05_玲子,26,C001_013,同僚,34,C001_013,609,0.042692939244663386,0.7647058823529411,C001_013,C001,40-44歳,女性,42.0,C001_013,35-39歳,男性,37.0,older,F→M,40s
C002_003,IC01_日野,2,C002_003,家族,9,C002_003,88,0.022727272727272728,0.2222222222222222,C002_003,C002,55-59歳,女性,57.0,C002_003,65-69歳,男性,67.0,younger,F→M,50s
C002_003,IC02_智也,2,C002_003,家族,9,C002_003,85,0.023529411764705882,0.2222222222222222,C002_003,C002_001,65-69歳,男性,67.0,C002_003,55-59歳,女性,57.0,older,M→F,60s
C002_004,IC01_日野,9,C002_004,家族,20,C002_004,314,0.028662420382165606,0.45,C002_004,C002,55-59歳,女性,57.0,C002_004,20-24歳,男性,22.0,older,F→M,50s
C002_004,IC03_正和,7,C002_004,家族,20,C002_004,285,0.02456140350877193,0.35,C002_004,C002_002,20-24歳,男性,22.0,C002_004,55-59歳,女性,57.0,younger,M→F,20s
C002_005,IC02_智也,8,C002_005,家族,11,C002_005,221,0.03619909502262444,0.7272727272727273,C002_005,C002_001,65-69歳,男性,67.0,C002_005,55-59歳,女性,57.0,older,M→F,60s
C002_008,IC01_日野,7,C002_008,家族,20,C002_008,361,0.019390581717451522,0.35,C002_008,C002,55-59歳,女性,57.0,C002_008,20-24歳,男性,22.0,older,F→M,50s
C002_008,IC03_正和,7,C002_008,家族,20,C002_008,344,0.020348837209302327,0.35,C002_008,C002_002,20-24歳,男性,22.0,C002_008,55-59歳,女性,57.0,younger,M→F,20s
C002_013a,IC01_日野,2,C002_013a,家族,17,C002_013a,356,0.0056179775280898875,0.11764705882352941,C002_013a,C002,55-59歳,女性,57.0,C002_013a,85-89歳,女性,87.0,younger,F→F,50s
C002_013a,IC02_しげ子,4,C002_013a,家族,17,C002_013a,320,0.0125,0.23529411764705882,C002_013a,C002_006,85-89歳,女性,87.0,C002_013a,55-59歳,女性,57.0,older,F→F,80s
C002_013b,IC02_しげ子,2,C002_013b,家族,12,C002_013b,268,0.007462686567164179,0.16666666666666666,C002_013b,C002_006,85-89歳,女性,87.0,C002_013b,55-59歳,女性,57.0,older,F→F,80s
C002_016,IC01_日野,23,C002_016,家族,46,C002_016,773,0.029754204398447608,0.5,C002_016,C002,55-59歳,女性,57.0,C002_016,60-64歳,女性,62.0,younger,F→F,50s
C002_016,IC02_さくら,10,C002_016,家族,46,C002_016,852,0.011737089201877934,0.21739130434782608,C002_016,C002_011,60-64歳,女性,62.0,C002_016,55-59歳,女性,57.0,older,F→F,60s
K001_004,IC01_萌,9,K001_004,友人知人,17,K001_004,394,0.02284263959390863,0.5294117647058824,K001_004,K001,35-39歳,女性,37.0,K001_004,45-49歳,女性,47.0,younger,F→F,30s
K001_004,IC02_綾子,9,K001_004,友人知人,17,K001_004,270,0.03333333333333333,0.5294117647058824,K001_004,K001_005,45-49歳,女性,47.0,K001_004,35-39歳,女性,37.0,older,F→F,40s
K001_008,IC01_萌,3,K001_008,家族,19,K001_008,318,0.009433962264150943,0.15789473684210525,K001_008,K001,35-39歳,女性,37.0,K001_008,40-44歳,女性,42.0,younger,F→F,30s
K001_008,IC02_郁,5,K001_008,家族,19,K001_008,270,0.018518518518518517,0.2631578947368421,K001_008,K001_009,40-44歳,女性,42.0,K001_008,35-39歳,女性,37.0,older,F→F,40s
K001_009,IC01_萌,2,K001_009,友人知人,10,K001_009,333,0.006006006006006006,0.2,K001_009,K001,35-39歳,女性,37.0,K001_009,35-39歳,女性,37.0,same,F→F,30s
K001_009,IC02_智,2,K001_009,友人知人,10,K001_009,282,0.0070921985815602835,0.2,K001_009,K001_010,35-39歳,女性,37.0,K001_009,35-39歳,女性,37.0,same,F→F,30s
K001_010,IC01_萌,3,K001_010,友人知人,27,K001_010,554,0.005415162454873646,0.1111111111111111,K001_010,K001,35-39歳,女性,37.0,K001_010,30-34歳,女性,32.0,older,F→F,30s
K001_010,IC02_愛子,10,K001_010,友人知人,27,K001_010,514,0.019455252918287938,0.37037037037037035,K001_010,K001_011,30-34歳,女性,32.0,K001_010,35-39歳,女性,37.0,younger,F→F,30s
K001_011,IC01_萌,1,K001_011,友人知人,24,K001_011,545,0.001834862385321101,0.041666666666666664,K001_011,K001,35-39歳,女性,37.0,K001_011,35-39歳,女性,37.0,same,F→F,30s
K001_011,IC02_奈津子,2,K001_011,友人知人,24,K001_011,491,0.004073319755600814,0.08333333333333333,K001_011,K001_013,35-39歳,女性,37.0,K001_011,35-39歳,女性,37.0,same,F→F,30s
K001_014,IC01_萌,3,K001_014,友人知人,51,K001_014,782,0.0038363171355498722,0.058823529411764705,K001_014,K001,35-39歳,女性,37.0,K001_014,35-39歳,女性,37.0,same,F→F,30s
K001_014,IC02_奈津子,4,K001_014,友人知人,51,K001_014,814,0.004914004914004914,0.0784313725490196,K001_014,K001_013,35-39歳,女性,37.0,K001_014,35-39歳,女性,37.0,same,F→F,30s
K001_017,IC01_萌,10,K001_017,友人知人,34,K001_017,715,0.013986013986013986,0.29411764705882354,K001_017,K001,35-39歳,女性,37.0,K001_017,25-29歳,女性,27.0,older,F→F,30s
K001_017,IC02_歩,6,K001_017,友人知人,34,K001_017,600,0.01,0.17647058823529413,K001_017,K001_018,25-29歳,女性,27.0,K001_017,35-39歳,女性,37.0,younger,F→F,20s
K001_019,IC01_萌,7,K001_019,家族,21,K001_019,379,0.018469656992084433,0.3333333333333333,K001_019,K001,35-39歳,女性,37.0,K001_019,30-34歳,女性,32.0,older,F→F,30s
K001_019,IC02_千佳,1,K001_019,家族,21,K001_019,222,0.0045045045045045045,0.047619047619047616,K001_019,K001_021,30-34歳,女性,32.0,K001_019,35-39歳,女性,37.0,younger,F→F,30s
K002_003a,IC01_杉田,2,K002_003a,友人知人,12,K002_003a,205,0.00975609756097561,0.16666666666666666,K002_003a,K002,50-54歳,女性,52.0,K002_003a,50-54歳,女性,52.0,same,F→F,50s
K002_003a,IC02_中沢,8,K002_003a,友人知人,12,K002_003a,205,0.03902439024390244,0.6666666666666666,K002_003a,K002_004,50-54歳,女性,52.0,K002_003a,50-54歳,女性,52.0,same,F→F,50s
K002_003b,IC01_杉田,14,K002_003b,友人知人,24,K002_003b,439,0.03189066059225513,0.5833333333333334,K002_003b,K002,50-54歳,女性,52.0,K002_003b,50-54歳,女性,52.0,same,F→F,50s
K002_003b,IC02_中沢,13,K002_003b,友人知人,24,K002_003b,461,0.028199566160520606,0.5416666666666666,K002_003b,K002_004,50-54歳,女性,52.0,K002_003b,50-54歳,女性,52.0,same,F→F,50s
K002_004,IC01_杉田,10,K002_004,仕事関係,17,K002_004,350,0.02857142857142857,0.5882352941176471,K002_004,K002,50-54歳,女性,52.0,K002_004,45-49歳,女性,47.0,older,F→F,50s
K002_004,IC02_川内,15,K002_004,仕事関係,17,K002_004,356,0.042134831460674156,0.8823529411764706,K002_004,K002_005,45-49歳,女性,47.0,K002_004,50-54歳,女性,52.0,younger,F→F,40s
K002_007,IC01_杉田,12,K002_007,家族,29,K002_007,487,0.024640657084188913,0.41379310344827586,K002_007,K002,50-54歳,女性,52.0,K002_007,15-19歳,女性,17.0,older,F→F,50s
K002_007,IC02_沙織,36,K002_007,家族,29,K002_007,479,0.07515657620041753,1.2413793103448276,K002_007,K002_003,15-19歳,女性,17.0,K002_007,50-54歳,女性,52.0,younger,F→F,10s
K002_010,IC01_杉田,25,K002_010,友人知人,34,K002_010,611,0.04091653027823241,0.7352941176470589,K002_010,K002,50-54歳,女性,52.0,K002_010,50-54歳,女性,52.0,same,F→F,50s
K002_010,IC02_優子,45,K002_010,友人知人,34,K002_010,554,0.0812274368231047,1.3235294117647058,K002_010,K002_009,50-54歳,女性,52.0,K002_010,50-54歳,女性,52.0,same,F→F,50s
K002_012,IC01_杉田,11,K002_012,友人知人,23,K002_012,568,0.01936619718309859,0.4782608695652174,K002_012,K002,50-54歳,女性,52.0,K002_012,45-49歳,女性,47.0,older,F→F,50s
K002_012,IC02_咲子,22,K002_012,友人知人,23,K002_012,678,0.032448377581120944,0.9565217391304348,K002_012,K002_011,45-49歳,女性,47.0,K002_012,50-54歳,女性,52.0,younger,F→F,40s
K002_016,IC01_杉田,19,K002_016,友人知人,27,K002_016,514,0.03696498054474708,0.7037037037037037,K002_016,K002,50-54歳,女性,52.0,K002_016,35-39歳,女性,37.0,older,F→F,50s
K002_016,IC02_三上,20,K002_016,友人知人,27,K002_016,537,0.037243947858473,0.7407407407407407,K002_016,K002_007,35-39歳,女性,37.0,K002_016,50-54歳,女性,52.0,younger,F→F,30s
K003_002a,IC01_詩織,2,K003_002a,友人知人,14,K003_002a,353,0.0056657223796034,0.14285714285714285,K003_002a,K003,20-24歳,女性,22.0,K003_002a,20-24歳,女性,22.0,same,F→F,20s
K003_002b,IC01_詩織,1,K003_002b,友人知人,2,K003_002b,53,0.018867924528301886,0.5,K003_002b,K003,20-24歳,女性,22.0,K003_002b,20-24歳,女性,22.0,same,F→F,20s
K003_002c,IC01_詩織,6,K003_002c,友人知人,13,K003_002c,321,0.018691588785046728,0.46153846153846156,K003_002c,K003,20-24歳,女性,22.0,K003_002c,20-24歳,女性,22.0,same,F→F,20s
K003_002d,IC01_詩織,3,K003_002d,友人知人,5,K003_002d,148,0.02027027027027027,0.6,K003_002d,K003,20-24歳,女性,22.0,K003_002d,20-24歳,女性,22.0,same,F→F,20s
K003_003,IC01_詩織,6,K003_003,家族,21,K003_003,330,0.01818181818181818,0.2857142857142857,K003_003,K003,20-24歳,女性,22.0,K003_003,50-54歳,女性,52.0,younger,F→F,20s
K003_003,IC02_母,12,K003_003,家族,21,K003_003,381,0.031496062992125984,0.5714285714285714,K003_003,K003_003,50-54歳,女性,52.0,K003_003,20-24歳,女性,22.0,older,F→F,50s
K003_005,IC01_詩織,42,K003_005,友人知人,52,K003_005,1165,0.036051502145922745,0.8076923076923077,K003_005,K003,20-24歳,女性,22.0,K003_005,20-24歳,女性,22.0,same,F→F,20s
K003_005,IC02_あかり,35,K003_005,友人知人,52,K003_005,1360,0.025735294117647058,0.6730769230769231,K003_005,K003_004,20-24歳,女性,22.0,K003_005,20-24歳,女性,22.0,same,F→F,20s
K003_006,IC02_由佳,1,K003_006,友人知人,20,K003_006,364,0.0027472527472527475,0.05,K003_006,K003_005,20-24歳,女性,22.0,K003_006,20-24歳,女性,22.0,same,F→F,20s
K003_006,IC03_詩織,19,K003_006,友人知人,20,K003_006,508,0.03740157480314961,0.95,K003_006,K003,20-24歳,女性,22.0,K003_006,20-24歳,女性,22.0,same,F→F,20s
K003_008,IC02_ゆう,3,K003_008,友人知人,22,K003_008,703,0.004267425320056899,0.13636363636363635,K003_008,K003_006,20-24歳,女性,22.0,K003_008,20-24歳,女性,22.0,same,F→F,20s
K003_008,IC03_詩織,9,K003_008,友人知人,22,K003_008,561,0.016042780748663103,0.4090909090909091,K003_008,K003,20-24歳,女性,22.0,K003_008,20-24歳,女性,22.0,same,F→F,20s
K003_012a,IC02_さっちー,2,K003_012a,友人知人,12,K003_012a,244,0.00819672131147541,0.16666666666666666,K003_012a,K003_008,20-24歳,女性,22.0,K003_012a,20-24歳,女性,22.0,same,F→F,20s
K003_012a,IC03_詩織,1,K003_012a,友人知人,12,K003_012a,209,0.004784688995215311,0.08333333333333333,K003_012a,K003,20-24歳,女性,22.0,K003_012a,20-24歳,女性,22.0,same,F→F,20s
K003_012b,IC02_さっちー,27,K003_012b,友人知人,32,K003_012b,743,0.03633916554508748,0.84375,K003_012b,K003_008,20-24歳,女性,22.0,K003_012b,20-24歳,女性,22.0,same,F→F,20s
K003_012b,IC03_詩織,8,K003_012b,友人知人,32,K003_012b,712,0.011235955056179775,0.25,K003_012b,K003,20-24歳,女性,22.0,K003_012b,20-24歳,女性,22.0,same,F→F,20s
K003_017,IC02_由佳,9,K003_017,友人知人,20,K003_017,539,0.016697588126159554,0.45,K003_017,K003_005,20-24歳,女性,22.0,K003_017,20-24歳,女性,22.0,same,F→F,20s
K003_017,IC03_詩織,2,K003_017,友人知人,20,K003_017,345,0.005797101449275362,0.1,K003_017,K003,20-24歳,女性,22.0,K003_017,20-24歳,女性,22.0,same,F→F,20s
K004_001,IC01_島村,48,K004_001,家族,27,K004_001,717,0.06694560669456066,1.7777777777777777,K004_001,K004,40-44歳,女性,42.0,K004_001,65-69歳,女性,67.0,younger,F→F,40s
K004_001,IC02_母,21,K004_001,家族,27,K004_001,974,0.021560574948665298,0.7777777777777778,K004_001,K004_005,65-69歳,女性,67.0,K004_001,40-44歳,女性,42.0,older,F→F,60s
K004_005,N10B_島村,2,K004_005,友人知人,9,K004_005,259,0.007722007722007722,0.2222222222222222,K004_005,K004,40-44歳,女性,42.0,,,,,,,40s
K004_007,IC01_島村,24,K004_007,家族,44,K004_007,870,0.027586206896551724,0.5454545454545454,K004_007,K004,40-44歳,女性,42.0,K004_007,15-19歳,男性,17.0,older,F→M,40s
K004_007,IC04_聡太郎,24,K004_007,家族,44,K004_007,665,0.03609022556390978,0.5454545454545454,K004_007,K004_003,15-19歳,男性,17.0,K004_007,40-44歳,女性,42.0,younger,M→F,10s
K004_011,IC01_島村,11,K004_011,家族,35,K004_011,872,0.01261467889908257,0.3142857142857143,K004_011,K004,40-44歳,女性,42.0,K004_011,10-14歳,男性,12.0,older,F→M,40s
K005_002,IC01_昌美,14,K005_002,友人知人,19,K005_002,553,0.02531645569620253,0.7368421052631579,K005_002,K005,35-39歳,女性,37.0,K005_002,35-39歳,男性,37.0,same,F→M,30s
K005_002,IC02_義則,4,K005_002,友人知人,19,K005_002,332,0.012048192771084338,0.21052631578947367,K005_002,K005_003,35-39歳,男性,37.0,K005_002,35-39歳,女性,37.0,same,M→F,30s
K005_005,IC01_昌美,1,K005_005,友人知人,15,K005_005,392,0.002551020408163265,0.06666666666666667,K005_005,K005,35-39歳,女性,37.0,K005_005,35-39歳,女性,37.0,same,F→F,30s
K005_005,IC02_律子,10,K005_005,友人知人,15,K005_005,230,0.043478260869565216,0.6666666666666666,K005_005,K005_006,35-39歳,女性,37.0,K005_005,35-39歳,女性,37.0,same,F→F,30s
K005_006,IC01_昌美,17,K005_006,家族,23,K005_006,456,0.03728070175438596,0.7391304347826086,K005_006,K005,35-39歳,女性,37.0,K005_006,95-99歳,女性,97.0,younger,F→F,30s
K005_006,IC02_房,5,K005_006,家族,23,K005_006,358,0.013966480446927373,0.21739130434782608,K005_006,K005_012,95-99歳,女性,97.0,K005_006,35-39歳,女性,37.0,older,F→F,90s
K005_016,IC03_昌美,14,K005_016,友人知人,19,K005_016,527,0.026565464895635674,0.7368421052631579,K005_016,K005,35-39歳,女性,37.0,K005_016,40-44歳,女性,42.0,younger,F→F,30s
K005_016,IC05_若菜,2,K005_016,友人知人,19,K005_016,313,0.006389776357827476,0.10526315789473684,K005_016,K005_008,40-44歳,女性,42.0,K005_016,35-39歳,女性,37.0,older,F→F,40s
K005_019a,IC03_昌美,1,K005_019a,親戚,1,K005_019a,23,0.043478260869565216,1.0,K005_019a,K005,35-39歳,女性,37.0,K005_019a,60-64歳,男性,62.0,younger,F→M,30s
K005_019b,IC03_昌美,11,K005_019b,親戚,12,K005_019b,282,0.03900709219858156,0.9166666666666666,K005_019b,K005,35-39歳,女性,37.0,K005_019b,60-64歳,男性,62.0,younger,F→M,30s
K005_019b,IC05_哲也,26,K005_019b,親戚,12,K005_019b,174,0.14942528735632185,2.1666666666666665,K005_019b,K005_004,60-64歳,男性,62.0,K005_019b,35-39歳,女性,37.0,older,M→F,60s
K005_020,IC03_昌美,12,K005_020,家族,28,K005_020,549,0.02185792349726776,0.42857142857142855,K005_020,K005,35-39歳,女性,37.0,K005_020,65-69歳,男性,67.0,younger,F→M,30s
K005_020,IC05_辰雄,2,K005_020,家族,28,K005_020,332,0.006024096385542169,0.07142857142857142,K005_020,K005_001,65-69歳,男性,67.0,K005_020,35-39歳,女性,37.0,older,M→F,60s
K005_024,N10A_和代,1,K005_024,家族,2,K005_024,47,0.02127659574468085,0.5,K005_024,K005_002,65-69歳,女性,67.0,,,,,,,60s
K005_024,N20A_昌美,1,K005_024,家族,2,K005_024,41,0.024390243902439025,0.5,K005_024,K005,35-39歳,女性,37.0,,,,,,,30s
K005_027,IC04_折井,6,K005_027,仕事関係,44,K005_027,1053,0.005698005698005698,0.13636363636363635,K005_027,K005_014,35-39歳,女性,37.0,K005_027,35-39歳,女性,37.0,same,F→F,30s
K005_027,IC06_昌美,25,K005_027,仕事関係,44,K005_027,1242,0.020128824476650563,0.5681818181818182,K005_027,K005,35-39歳,女性,37.0,K005_027,35-39歳,女性,37.0,same,F→F,30s
K005_028,IC04_礼司,4,K005_028,友人知人,28,K005_028,456,0.008771929824561403,0.14285714285714285,K005_028,K005_015,35-39歳,男性,37.0,K005_028,35-39歳,女性,37.0,same,M→F,30s
K005_028,IC06_昌美,14,K005_028,友人知人,28,K005_028,576,0.024305555555555556,0.5,K005_028,K005,35-39歳,女性,37.0,K005_028,35-39歳,男性,37.0,same,F→M,30s
K005_031,IC03_律子,2,K005_031,友人知人,6,K005_031,99,0.020202020202020204,0.3333333333333333,K005_031,K005_006,35-39歳,女性,37.0,K005_031,35-39歳,女性,37.0,same,F→F,30s
K005_031,IC06_昌美,3,K005_031,友人知人,6,K005_031,158,0.0189873417721519,0.5,K005_031,K005,35-39歳,女性,37.0,K005_031,35-39歳,女性,37.0,same,F→F,30s
K005_033,IC05_礼司,5,K005_033,友人知人,11,K005_033,225,0.022222222222222223,0.45454545454545453,K005_033,K005_015,35-39歳,男性,37.0,K005_033,35-39歳,女性,37.0,same,M→F,30s
K005_033,IC06_昌美,24,K005_033,友人知人,11,K005_033,328,0.07317073170731707,2.1818181818181817,K005_033,K005,35-39歳,女性,37.0,K005_033,35-39歳,男性,37.0,same,F→M,30s
K006_002a,IC01_広子,3,K006_002a,家族,6,K006_002a,74,0.04054054054054054,0.5,K006_002a,K006,60-64歳,女性,62.0,K006_002a,65-69歳,男性,67.0,younger,F→M,60s
K006_002a,IC02_軽部,6,K006_002a,家族,6,K006_002a,98,0.061224489795918366,1.0,K006_002a,K006_001,65-69歳,男性,67.0,K006_002a,60-64歳,女性,62.0,older,M→F,60s
K006_002b,IC01_広子,4,K006_002b,家族,5,K006_002b,87,0.04597701149425287,0.8,K006_002b,K006,60-64歳,女性,62.0,K006_002b,65-69歳,男性,67.0,younger,F→M,60s
K006_002b,IC02_軽部,5,K006_002b,家族,5,K006_002b,99,0.050505050505050504,1.0,K006_002b,K006_001,65-69歳,男性,67.0,K006_002b,60-64歳,女性,62.0,older,M→F,60s
K006_003a,IC01_広子,4,K006_003a,家族,4,K006_003a,66,0.06060606060606061,1.0,K006_003a,K006,60-64歳,女性,62.0,K006_003a,65-69歳,男性,67.0,younger,F→M,60s
K006_003a,IC02_軽部,1,K006_003a,家族,4,K006_003a,66,0.015151515151515152,0.25,K006_003a,K006_001,65-69歳,男性,67.0,K006_003a,60-64歳,女性,62.0,older,M→F,60s
K006_003b,IC01_広子,7,K006_003b,家族,16,K006_003b,247,0.02834008097165992,0.4375,K006_003b,K006,60-64歳,女性,62.0,K006_003b,65-69歳,男性,67.0,younger,F→M,60s
K006_003b,IC02_軽部,4,K006_003b,家族,16,K006_003b,247,0.016194331983805668,0.25,K006_003b,K006_001,65-69歳,男性,67.0,K006_003b,60-64歳,女性,62.0,older,M→F,60s
K006_006,IC01_広子,1,K006_006,家族,7,K006_006,103,0.009708737864077669,0.14285714285714285,K006_006,K006,60-64歳,女性,62.0,K006_006,65-69歳,男性,67.0,younger,F→M,60s
K006_006,IC02_軽部,2,K006_006,家族,7,K006_006,137,0.014598540145985401,0.2857142857142857,K006_006,K006_001,65-69歳,男性,67.0,K006_006,60-64歳,女性,62.0,older,M→F,60s
K006_009,IC01_安村,52,K006_009,仕事関係,20,K006_009,495,0.10505050505050505,2.6,K006_009,K006_007,40-44歳,女性,42.0,K006_009,60-64歳,女性,62.0,younger,F→F,40s
K006_009,IC02_広子,17,K006_009,仕事関係,20,K006_009,666,0.025525525525525526,0.85,K006_009,K006,60-64歳,女性,62.0,K006_009,40-44歳,女性,42.0,older,F→F,60s
K006_011,IC01_広子,11,K006_011,家族,9,K006_011,240,0.04583333333333333,1.2222222222222223,K006_011,K006,60-64歳,女性,62.0,K006_011,35-39歳,女性,37.0,older,F→F,60s
K006_011,IC02_千早,1,K006_011,家族,9,K006_011,228,0.0043859649122807015,0.1111111111111111,K006_011,K006_008,35-39歳,女性,37.0,K006_011,60-64歳,女性,62.0,younger,F→F,30s
K006_013,IC01_広子,2,K006_013,家族,10,K006_013,223,0.008968609865470852,0.2,K006_013,K006,60-64歳,女性,62.0,K006_013,65-69歳,男性,67.0,younger,F→M,60s
K006_013,IC02_軽部,4,K006_013,家族,10,K006_013,193,0.02072538860103627,0.4,K006_013,K006_001,65-69歳,男性,67.0,K006_013,60-64歳,女性,62.0,older,M→F,60s
K006_016,IC01_広子,52,K006_016,友人知人,25,K006_016,905,0.057458563535911604,2.08,K006_016,K006,60-64歳,女性,62.0,K006_016,60-64歳,女性,62.0,same,F→F,60s
K006_016,IC02_美代子,42,K006_016,友人知人,25,K006_016,744,0.056451612903225805,1.68,K006_016,K006_013,60-64歳,女性,62.0,K006_016,60-64歳,女性,62.0,same,F→F,60s
K006_018,IC01_広子,46,K006_018,仕事関係,23,K006_018,717,0.06415620641562064,2.0,K006_018,K006,60-64歳,女性,62.0,K006_018,45-49歳,女性,47.0,older,F→F,60s
K006_018,IC02_大杉,24,K006_018,仕事関係,23,K006_018,615,0.03902439024390244,1.0434782608695652,K006_018,K006_012,45-49歳,女性,47.0,K006_018,60-64歳,女性,62.0,younger,F→F,40s
K006_020,IC01_広子,62,K006_020,先生生徒,28,K006_020,882,0.07029478458049887,2.2142857142857144,K006_020,K006,60-64歳,女性,62.0,K006_020,50-54歳,女性,52.0,older,F→F,60s
K006_020,IC02_静香,23,K006_020,先生生徒,28,K006_020,866,0.026558891454965358,0.8214285714285714,K006_020,K006_016,50-54歳,女性,52.0,K006_020,60-64歳,女性,62.0,younger,F→F,50s
K006_023,IC01_広子,44,K006_023,友人知人,30,K006_023,888,0.04954954954954955,1.4666666666666666,K006_023,K006,60-64歳,女性,62.0,K006_023,40-44歳,女性,42.0,older,F→F,60s
K006_023,IC02_名取,9,K006_023,友人知人,30,K006_023,1025,0.00878048780487805,0.3,K006_023,K006_018,40-44歳,女性,42.0,K006_023,60-64歳,女性,62.0,younger,F→F,40s
K007_001,IC01_湯本,1,K007_001,友人知人,16,K007_001,287,0.003484320557491289,0.0625,K007_001,K007,25-29歳,男性,27.0,K007_001,25-29歳,女性,27.0,same,M→F,20s
K007_001,IC02_岩城,2,K007_001,友人知人,16,K007_001,237,0.008438818565400843,0.125,K007_001,K007_001,25-29歳,女性,27.0,K007_001,25-29歳,男性,27.0,same,F→M,20s
K007_003,IC01_湯本,1,K007_003,友人知人,13,K007_003,198,0.005050505050505051,0.07692307692307693,K007_003,K007,25-29歳,男性,27.0,,,,,,,20s
K007_005,IC01_湯本,5,K007_005,同僚,10,K007_005,197,0.025380710659898477,0.5,K007_005,K007,25-29歳,男性,27.0,K007_005,25-29歳,男性,27.0,same,M→M,20s
K007_007,IC01_湯本,16,K007_007,同僚,41,K007_007,574,0.027874564459930314,0.3902439024390244,K007_007,K007,25-29歳,男性,27.0,K007_007,25-29歳,男性,27.0,same,M→M,20s
K007_007,IC02_三崎,29,K007_007,同僚,41,K007_007,389,0.07455012853470437,0.7073170731707317,K007_007,K007_004,25-29歳,男性,27.0,K007_007,25-29歳,男性,27.0,same,M→M,20s
K007_008,IC01_湯本,3,K007_008,仕事関係,28,K007_008,448,0.006696428571428571,0.10714285714285714,K007_008,K007,25-29歳,男性,27.0,K007_008,30-34歳,男性,32.0,younger,M→M,20s
K007_008,IC02_白石,33,K007_008,仕事関係,28,K007_008,430,0.07674418604651163,1.1785714285714286,K007_008,K007_005,30-34歳,男性,32.0,K007_008,25-29歳,男性,27.0,older,M→M,30s
K007_013,IC02_花梨,6,K007_013,友人知人,15,K007_013,185,0.032432432432432434,0.4,K007_013,K007_003,25-29歳,女性,27.0,K007_013,25-29歳,男性,27.0,same,F→M,20s
K007_015,IC01_湯本,1,K007_015,友人知人,61,K007_015,863,0.0011587485515643105,0.01639344262295082,K007_015,K007,25-29歳,男性,27.0,K007_015,25-29歳,女性,27.0,same,M→F,20s
K007_015,IC02_花梨,2,K007_015,友人知人,61,K007_015,683,0.0029282576866764276,0.03278688524590164,K007_015,K007_003,25-29歳,女性,27.0,K007_015,25-29歳,男性,27.0,same,F→M,20s
K007_016,IC01_湯本,2,K007_016,同僚,18,K007_016,355,0.005633802816901409,0.1111111111111111,K007_016,K007,25-29歳,男性,27.0,K007_016,25-29歳,男性,27.0,same,M→M,20s
K007_016,IC02_笹川,3,K007_016,同僚,18,K007_016,224,0.013392857142857142,0.16666666666666666,K007_016,K007_006,25-29歳,男性,27.0,K007_016,25-29歳,男性,27.0,same,M→M,20s
K007_020,IC01_湯本,11,K007_020,先生生徒,25,K007_020,375,0.029333333333333333,0.44,K007_020,K007,25-29歳,男性,27.0,K007_020,20-24歳,男性,22.0,older,M→M,20s
K007_020,IC02_土屋,17,K007_020,先生生徒,25,K007_020,361,0.04709141274238227,0.68,K007_020,K007_011,20-24歳,男性,22.0,K007_020,25-29歳,男性,27.0,younger,M→M,20s
K008_002,N10A_義母,1,K008_002,家族,6,K008_002,52,0.019230769230769232,0.16666666666666666,K008_002,K008_003,90-94歳,女性,92.0,,,,,,,90s
K008_003,IC01_久美,2,K008_003,家族,8,K008_003,79,0.02531645569620253,0.25,K008_003,K008,50-54歳,女性,52.0,K008_003,55-59歳,男性,57.0,younger,F→M,50s
K008_004a,IC01_久美,1,K008_004a,サービス場面関係,3,K008_004a,99,0.010101010101010102,0.3333333333333333,K008_004a,K008,50-54歳,女性,52.0,K008_004a,40-44歳,男性,42.0,older,F→M,50s
K008_004a,IC02_栗木,8,K008_004a,サービス場面関係,3,K008_004a,75,0.10666666666666667,2.6666666666666665,K008_004a,K008_005,40-44歳,男性,42.0,K008_004a,50-54歳,女性,52.0,younger,M→F,40s
K008_004b,IC01_久美,68,K008_004b,サービス場面関係,55,K008_004b,900,0.07555555555555556,1.2363636363636363,K008_004b,K008,50-54歳,女性,52.0,K008_004b,40-44歳,男性,42.0,older,F→M,50s
K008_004b,IC02_栗木,102,K008_004b,サービス場面関係,55,K008_004b,985,0.10355329949238579,1.8545454545454545,K008_004b,K008_005,40-44歳,男性,42.0,K008_004b,50-54歳,女性,52.0,younger,M→F,40s
K008_005,IC01_久美,24,K008_005,家族,26,K008_005,366,0.06557377049180328,0.9230769230769231,K008_005,K008,50-54歳,女性,52.0,K008_005,75-79歳,女性,77.0,younger,F→F,50s
K008_005,IC02_母,13,K008_005,家族,26,K008_005,443,0.029345372460496615,0.5,K008_005,K008_006,75-79歳,女性,77.0,K008_005,50-54歳,女性,52.0,older,F→F,70s
K008_010,IC01_久美,18,K008_010,友人知人,20,K008_010,266,0.06766917293233082,0.9,K008_010,K008,50-54歳,女性,52.0,K008_010,55-59歳,女性,57.0,younger,F→F,50s
K008_010,IC02_美和子,26,K008_010,友人知人,20,K008_010,305,0.08524590163934426,1.3,K008_010,K008_011,55-59歳,女性,57.0,K008_010,50-54歳,女性,52.0,older,F→F,50s
K008_013,IC01_久美,1,K008_013,家族,18,K008_013,127,0.007874015748031496,0.05555555555555555,K008_013,K008,50-54歳,女性,52.0,K008_013,55-59歳,男性,57.0,younger,F→M,50s
K008_013,IC02_和則,1,K008_013,家族,18,K008_013,164,0.006097560975609756,0.05555555555555555,K008_013,K008_004,55-59歳,男性,57.0,K008_013,50-54歳,女性,52.0,older,M→F,50s
K008_013,Z102_スタッフ,1,K008_013,家族,18,K008_013,3,0.3333333333333333,0.05555555555555555,K008_013,K008_021,,男性,,,,,,,,
K008_015,IC01_久美,34,K008_015,友人知人,57,K008_015,1025,0.033170731707317075,0.5964912280701754,K008_015,K008,50-54歳,女性,52.0,K008_015,60-64歳,女性,62.0,younger,F→F,50s
K008_015,IC02_道枝,96,K008_015,友人知人,57,K008_015,1116,0.08602150537634409,1.6842105263157894,K008_015,K008_013,60-64歳,女性,62.0,K008_015,50-54歳,女性,52.0,older,F→F,60s
K008_016,IC01_久美,73,K008_016,友人知人,62,K008_016,1277,0.05716523101018011,1.1774193548387097,K008_016,K008,50-54歳,女性,52.0,K008_016,45-49歳,女性,47.0,older,F→F,50s
K008_016,IC02_理代子,59,K008_016,友人知人,62,K008_016,1151,0.051259774109470024,0.9516129032258065,K008_016,K008_014,45-49歳,女性,47.0,K008_016,50-54歳,女性,52.0,younger,F→F,40s
K008_016,Z10A_店員,1,K008_016,友人知人,62,K008_016,59,0.01694915254237288,0.016129032258064516,K008_016,K008_025,,女性,,,,,,,,
K009_007,IC02_尚美,4,K009_007,友人知人,10,K009_007,276,0.014492753623188406,0.4,K009_007,K009_015,25-29歳,女性,27.0,K009_007,25-29歳,女性,27.0,same,F→F,20s
K009_014,IC02_神田,5,K009_014,同僚,10,K009_014,121,0.04132231404958678,0.5,K009_014,K009_004,55-59歳,女性,57.0,,,,,,,50s
K010_003a,IC01_樫田,31,K010_003a,友人知人,19,K010_003a,210,0.14761904761904762,1.631578947368421,K010_003a,K010,65-69歳,男性,67.0,,,,,,,60s
K010_003a,N10A_早瀬,11,K010_003a,友人知人,19,K010_003a,219,0.0502283105022831,0.5789473684210527,K010_003a,K010_003,65-69歳,男性,67.0,,,,,,,60s
K010_003b,IC01_樫田,3,K010_003b,友人知人,3,K010_003b,35,0.08571428571428572,1.0,K010_003b,K010,65-69歳,男性,67.0,,,,,,,60s
K010_003b,N10A_早瀬,3,K010_003b,友人知人,3,K010_003b,43,0.06976744186046512,1.0,K010_003b,K010_003,65-69歳,男性,67.0,,,,,,,60s
K010_004a,IC01_樫田,16,K010_004a,友人知人,8,K010_004a,87,0.1839080459770115,2.0,K010_004a,K010,65-69歳,男性,67.0,,,,,,,60s
K010_004a,N10A_広岡,14,K010_004a,友人知人,8,K010_004a,112,0.125,1.75,K010_004a,K010_004,50-54歳,男性,52.0,,,,,,,50s
K010_004b,IC01_樫田,50,K010_004b,友人知人,23,K010_004b,292,0.17123287671232876,2.1739130434782608,K010_004b,K010,65-69歳,男性,67.0,,,,,,,60s
K010_004b,N10A_広岡,25,K010_004b,友人知人,23,K010_004b,392,0.06377551020408163,1.0869565217391304,K010_004b,K010_004,50-54歳,男性,52.0,,,,,,,50s
K010_005a,IC01_樫田,12,K010_005a,友人知人,21,K010_005a,216,0.05555555555555555,0.5714285714285714,K010_005a,K010,65-69歳,男性,67.0,K010_005a,55-59歳,男性,57.0,older,M→M,60s
K010_005a,IC03_岸尾,14,K010_005a,友人知人,21,K010_005a,206,0.06796116504854369,0.6666666666666666,K010_005a,K010_005,55-59歳,男性,57.0,K010_005a,65-69歳,男性,67.0,younger,M→M,50s
K010_005b,IC01_樫田,18,K010_005b,友人知人,20,K010_005b,202,0.0891089108910891,0.9,K010_005b,K010,65-69歳,男性,67.0,K010_005b,55-59歳,男性,57.0,older,M→M,60s
K010_005b,IC03_岸尾,8,K010_005b,友人知人,20,K010_005b,218,0.03669724770642202,0.4,K010_005b,K010_005,55-59歳,男性,57.0,K010_005b,65-69歳,男性,67.0,younger,M→M,50s
K010_006,IC01_樫田,15,K010_006,友人知人,10,K010_006,139,0.1079136690647482,1.5,K010_006,K010,65-69歳,男性,67.0,K010_006,60-64歳,男性,62.0,older,M→M,60s
K010_008,IC01_樫田,12,K010_008,家族,8,K010_008,97,0.12371134020618557,1.5,K010_008,K010,65-69歳,男性,67.0,K010_008,60-64歳,男性,62.0,older,M→M,60s
K010_008,IC02_弟,1,K010_008,家族,8,K010_008,134,0.007462686567164179,0.125,K010_008,K010_009,60-64歳,男性,62.0,K010_008,65-69歳,男性,67.0,younger,M→M,60s
K010_011b,IC01_樫田,8,K010_011b,友人知人,7,K010_011b,78,0.10256410256410256,1.1428571428571428,K010_011b,K010,65-69歳,男性,67.0,K010_011b,35-39歳,男性,37.0,older,M→M,60s
K010_011b,IC04_森脇,1,K010_011b,友人知人,7,K010_011b,75,0.013333333333333334,0.14285714285714285,K010_011b,K010_013,35-39歳,男性,37.0,K010_011b,65-69歳,男性,67.0,younger,M→M,30s
K010_013a,IC01_樫田,38,K010_013a,友人知人,14,K010_013a,163,0.2331288343558282,2.7142857142857144,K010_013a,K010,65-69歳,男性,67.0,K010_013a,55-59歳,男性,57.0,older,M→M,60s
K010_013a,IC03_高倉,2,K010_013a,友人知人,14,K010_013a,208,0.009615384615384616,0.14285714285714285,K010_013a,K010_015,55-59歳,男性,57.0,K010_013a,65-69歳,男性,67.0,younger,M→M,50s
K010_013b,IC01_樫田,14,K010_013b,友人知人,11,K010_013b,136,0.10294117647058823,1.2727272727272727,K010_013b,K010,65-69歳,男性,67.0,K010_013b,55-59歳,男性,57.0,older,M→M,60s
K010_013b,IC03_高倉,12,K010_013b,友人知人,11,K010_013b,161,0.07453416149068323,1.0909090909090908,K010_013b,K010_015,55-59歳,男性,57.0,K010_013b,65-69歳,男性,67.0,younger,M→M,50s
K010_017,IC03_妻,2,K010_017,家族,15,K010_017,260,0.007692307692307693,0.13333333333333333,K010_017,K010_001,50-54歳,女性,52.0,K010_017,65-69歳,男性,67.0,younger,F→M,50s
K011_005,IC01_川原,12,K011_005,サービス場面関係,64,K011_005,1079,0.011121408711770158,0.1875,K011_005,K011,50-54歳,女性,52.0,K011_005,50-54歳,女性,52.0,same,F→F,50s
K011_005,IC02_内海,7,K011_005,サービス場面関係,64,K011_005,1247,0.0056134723336006415,0.109375,K011_005,K011_010,50-54歳,女性,52.0,K011_005,50-54歳,女性,52.0,same,F→F,50s
K011_009a,IC01_川原,2,K011_009a,友人知人,10,K011_009a,231,0.008658008658008658,0.2,K011_009a,K011,50-54歳,女性,52.0,K011_009a,50-54歳,女性,52.0,same,F→F,50s
K011_009a,IC02_寺島,1,K011_009a,友人知人,10,K011_009a,243,0.00411522633744856,0.1,K011_009a,K011_017,50-54歳,女性,52.0,K011_009a,50-54歳,女性,52.0,same,F→F,50s
K011_009b,IC01_川原,4,K011_009b,友人知人,11,K011_009b,285,0.014035087719298246,0.36363636363636365,K011_009b,K011,50-54歳,女性,52.0,K011_009b,50-54歳,女性,52.0,same,F→F,50s
K012_001,IC01_平沢,60,K012_001,友人知人,16,K012_001,362,0.16574585635359115,3.75,K012_001,K012,30-34歳,男性,32.0,K012_001,45-49歳,女性,47.0,younger,M→F,30s
K012_001,IC02_葉山,10,K012_001,友人知人,16,K012_001,648,0.015432098765432098,0.625,K012_001,K012_001,45-49歳,女性,47.0,K012_001,30-34歳,男性,32.0,older,F→M,40s
K012_002a,IC01_平沢,10,K012_002a,友人知人,4,K012_002a,67,0.14925373134328357,2.5,K012_002a,K012,30-34歳,男性,32.0,K012_002a,30-34歳,男性,32.0,same,M→M,30s
K012_002a,IC02_津島,4,K012_002a,友人知人,4,K012_002a,74,0.05405405405405406,1.0,K012_002a,K012_002,30-34歳,男性,32.0,K012_002a,30-34歳,男性,32.0,same,M→M,30s
K012_002b,IC01_平沢,52,K012_002b,友人知人,10,K012_002b,146,0.3561643835616438,5.2,K012_002b,K012,30-34歳,男性,32.0,K012_002b,30-34歳,男性,32.0,same,M→M,30s
K012_002b,IC02_津島,4,K012_002b,友人知人,10,K012_002b,167,0.023952095808383235,0.4,K012_002b,K012_002,30-34歳,男性,32.0,K012_002b,30-34歳,男性,32.0,same,M→M,30s
K012_002c,IC01_平沢,63,K012_002c,友人知人,14,K012_002c,306,0.20588235294117646,4.5,K012_002c,K012,30-34歳,男性,32.0,K012_002c,30-34歳,男性,32.0,same,M→M,30s
K012_002c,IC02_津島,12,K012_002c,友人知人,14,K012_002c,318,0.03773584905660377,0.8571428571428571,K012_002c,K012_002,30-34歳,男性,32.0,K012_002c,30-34歳,男性,32.0,same,M→M,30s
K012_002d,IC01_平沢,33,K012_002d,友人知人,10,K012_002d,227,0.14537444933920704,3.3,K012_002d,K012,30-34歳,男性,32.0,K012_002d,30-34歳,男性,32.0,same,M→M,30s
K012_002d,IC02_津島,20,K012_002d,友人知人,10,K012_002d,229,0.08733624454148471,2.0,K012_002d,K012_002,30-34歳,男性,32.0,K012_002d,30-34歳,男性,32.0,same,M→M,30s
K012_003a,IC01_平沢,1,K012_003a,家族,2,K012_003a,48,0.020833333333333332,0.5,K012_003a,K012,30-34歳,男性,32.0,K012_003a,0-4歳,男性,2.0,older,M→M,30s
K012_003a,IC02_竹太郎,1,K012_003a,家族,2,K012_003a,27,0.037037037037037035,0.5,K012_003a,K012_003,0-4歳,男性,2.0,K012_003a,30-34歳,男性,32.0,younger,M→M,0s
K012_006,IC06_竹太郎,1,K012_006,家族,20,K012_006,237,0.004219409282700422,0.05,K012_006,K012_003,0-4歳,男性,2.0,K012_006,30-34歳,男性,32.0,younger,M→M,0s
K012_007a,IC01_平沢,7,K012_007a,家族,19,K012_007a,271,0.025830258302583026,0.3684210526315789,K012_007a,K012,30-34歳,男性,32.0,K012_007a,0-4歳,男性,2.0,older,M→M,30s
K012_007b,IC01_平沢,2,K012_007b,家族,9,K012_007b,127,0.015748031496062992,0.2222222222222222,K012_007b,K012,30-34歳,男性,32.0,,,,,,,30s
K013_004,IC01_雪江,36,K013_004,友人知人,26,K013_004,659,0.054628224582701064,1.3846153846153846,K013_004,K013,25-29歳,女性,27.0,K013_004,25-29歳,男性,27.0,same,F→M,20s
K013_004,IC02_俊夫,17,K013_004,友人知人,26,K013_004,618,0.02750809061488673,0.6538461538461539,K013_004,K013_001,25-29歳,男性,27.0,K013_004,25-29歳,女性,27.0,same,M→F,20s
K013_012,IC01_雪江,5,K013_012,友人知人,29,K013_012,785,0.006369426751592357,0.1724137931034483,K013_012,K013,25-29歳,女性,27.0,K013_012,25-29歳,男性,27.0,same,F→M,20s
K013_012,IC06_俊夫,20,K013_012,友人知人,29,K013_012,750,0.02666666666666667,0.6896551724137931,K013_012,K013_001,25-29歳,男性,27.0,K013_012,25-29歳,女性,27.0,same,M→F,20s
K013_017,IC01_雪江,5,K013_017,友人知人,12,K013_017,263,0.019011406844106463,0.4166666666666667,K013_017,K013,25-29歳,女性,27.0,K013_017,25-29歳,男性,27.0,same,F→M,20s
K013_017,IC06_俊夫,8,K013_017,友人知人,12,K013_017,258,0.031007751937984496,0.6666666666666666,K013_017,K013_001,25-29歳,男性,27.0,K013_017,25-29歳,女性,27.0,same,M→F,20s
K013_019,IC01_雪江,27,K013_019,家族,31,K013_019,1254,0.0215311004784689,0.8709677419354839,K013_019,K013,25-29歳,女性,27.0,K013_019,75-79歳,女性,77.0,younger,F→F,20s
K013_019,IC02_祖母,52,K013_019,家族,31,K013_019,1124,0.046263345195729534,1.6774193548387097,K013_019,K013_004,75-79歳,女性,77.0,K013_019,25-29歳,女性,27.0,older,F→F,70s
S001_011,IC01_健,5,S001_011,家族,50,S001_011,452,0.011061946902654867,0.1,S001_011,S001,50-54歳,男性,52.0,S001_011,45-49歳,女性,47.0,older,M→F,50s
S001_011,IC02_翔子,13,S001_011,家族,50,S001_011,672,0.019345238095238096,0.26,S001_011,S001_005,45-49歳,女性,47.0,S001_011,50-54歳,男性,52.0,younger,F→M,40s
S001_013,IC01_健,8,S001_013,家族,20,S001_013,154,0.05194805194805195,0.4,S001_013,S001,50-54歳,男性,52.0,S001_013,45-49歳,女性,47.0,older,M→F,50s
S001_013,IC02_翔子,1,S001_013,家族,20,S001_013,269,0.0037174721189591076,0.05,S001_013,S001_005,45-49歳,女性,47.0,S001_013,50-54歳,男性,52.0,younger,F→M,40s
S002_005,IC01_山口,74,S002_005,仕事関係,32,S002_005,578,0.12802768166089964,2.3125,S002_005,S002,35-39歳,男性,37.0,S002_005,55-59歳,男性,57.0,younger,M→M,30s
S002_005,IC02_黒岩,49,S002_005,仕事関係,32,S002_005,625,0.0784,1.53125,S002_005,S002_008,55-59歳,男性,57.0,S002_005,35-39歳,男性,37.0,older,M→M,50s
S002_012,IC01_山口,21,S002_012,友人知人,26,S002_012,551,0.038112522686025406,0.8076923076923077,S002_012,S002,35-39歳,男性,37.0,S002_012,25-29歳,女性,27.0,older,M→F,30s
S002_012,IC02_美香,5,S002_012,友人知人,26,S002_012,483,0.010351966873706004,0.19230769230769232,S002_012,S002_002,25-29歳,女性,27.0,S002_012,35-39歳,男性,37.0,younger,F→M,20s
S002_014,IC01_山口,67,S002_014,友人知人,52,S002_014,1210,0.05537190082644628,1.2884615384615385,S002_014,S002,35-39歳,男性,37.0,S002_014,35-39歳,男性,37.0,same,M→M,30s
S002_014,IC02_圭,11,S002_014,友人知人,52,S002_014,992,0.011088709677419355,0.21153846153846154,S002_014,S002_024,35-39歳,男性,37.0,S002_014,35-39歳,男性,37.0,same,M→M,30s
T001_002,IC01_優香,2,T001_002,家族,54,T001_002,989,0.0020222446916076846,0.037037037037037035,T001_002,T001_001,30-34歳,女性,32.0,T001_002,35-39歳,男性,37.0,younger,F→M,30s
T001_003,IC01_林,21,T001_003,元同僚,61,T001_003,1128,0.018617021276595744,0.3442622950819672,T001_003,T001_003,25-29歳,男性,27.0,T001_003,35-39歳,男性,37.0,younger,M→M,20s
T001_003,IC02_広瀬,84,T001_003,元同僚,61,T001_003,994,0.08450704225352113,1.3770491803278688,T001_003,T001,35-39歳,男性,37.0,T001_003,25-29歳,男性,27.0,older,M→M,30s
T001_005,IC01_徳,2,T001_005,友人知人,10,T001_005,149,0.013422818791946308,0.2,T001_005,T001_004,30-34歳,男性,32.0,T001_005,35-39歳,男性,37.0,younger,M→M,30s
T001_005,IC02_広瀬,5,T001_005,友人知人,10,T001_005,126,0.03968253968253968,0.5,T001_005,T001,35-39歳,男性,37.0,T001_005,30-34歳,男性,32.0,older,M→M,30s
T001_007,IC02_優香,5,T001_007,家族,31,T001_007,477,0.010482180293501049,0.16129032258064516,T001_007,T001_001,30-34歳,女性,32.0,T001_007,35-39歳,男性,37.0,younger,F→M,30s
T001_008,IC02_吉川,19,T001_008,元同僚,15,T001_008,282,0.0673758865248227,1.2666666666666666,T001_008,T001_005,40-44歳,男性,42.0,T001_008,35-39歳,男性,37.0,older,M→M,40s
T001_008,IC03_広瀬,15,T001_008,元同僚,15,T001_008,263,0.057034220532319393,1.0,T001_008,T001,35-39歳,男性,37.0,T001_008,40-44歳,男性,42.0,younger,M→M,30s
T001_015,IC02_徳,2,T001_015,友人知人,11,T001_015,128,0.015625,0.18181818181818182,T001_015,T001_004,30-34歳,男性,32.0,T001_015,35-39歳,男性,37.0,younger,M→M,30s
T001_015,IC03_広瀬,3,T001_015,友人知人,11,T001_015,129,0.023255813953488372,0.2727272727272727,T001_015,T001,35-39歳,男性,37.0,T001_015,30-34歳,男性,32.0,older,M→M,30s
T001_016,IC03_広瀬,2,T001_016,元同僚,9,T001_016,121,0.01652892561983471,0.2222222222222222,T001_016,T001,35-39歳,男性,37.0,T001_016,30-34歳,男性,32.0,older,M→M,30s
T002_011a,IC01_直也,11,T002_011a,友人知人,7,T002_011a,166,0.06626506024096386,1.5714285714285714,T002_011a,T002,40-44歳,男性,42.0,T002_011a,40-44歳,女性,42.0,same,M→F,40s
T002_011b,IC01_直也,13,T002_011b,友人知人,8,T002_011b,136,0.09558823529411764,1.625,T002_011b,T002,40-44歳,男性,42.0,T002_011b,40-44歳,女性,42.0,same,M→F,40s
T002_011b,IC02_玲子,2,T002_011b,友人知人,8,T002_011b,135,0.014814814814814815,0.25,T002_011b,T002_011,40-44歳,女性,42.0,T002_011b,40-44歳,男性,42.0,same,F→M,40s
T002_011c,IC01_直也,71,T002_011c,友人知人,26,T002_011c,468,0.1517094017094017,2.730769230769231,T002_011c,T002,40-44歳,男性,42.0,T002_011c,40-44歳,女性,42.0,same,M→F,40s
T002_011c,IC02_玲子,3,T002_011c,友人知人,26,T002_011c,495,0.006060606060606061,0.11538461538461539,T002_011c,T002_011,40-44歳,女性,42.0,T002_011c,40-44歳,男性,42.0,same,F→M,40s
T002_012,IC01_直也,27,T002_012,家族,26,T002_012,468,0.057692307692307696,1.0384615384615385,T002_012,T002,40-44歳,男性,42.0,T002_012,70-74歳,女性,72.0,younger,M→F,40s
T002_012,IC02_母,8,T002_012,家族,26,T002_012,532,0.015037593984962405,0.3076923076923077,T002_012,T002_012,70-74歳,女性,72.0,T002_012,40-44歳,男性,42.0,older,F→M,70s
T002_013,IC01_直也,97,T002_013,仕事関係,55,T002_013,1174,0.08262350936967632,1.7636363636363637,T002_013,T002,40-44歳,男性,42.0,T002_013,35-39歳,女性,37.0,older,M→F,40s
T002_013,IC02_高柳,33,T002_013,仕事関係,55,T002_013,814,0.04054054054054054,0.6,T002_013,T002_013,35-39歳,女性,37.0,T002_013,40-44歳,男性,42.0,younger,F→M,30s
T002_015,IC01_直也,50,T002_015,友人知人,36,T002_015,778,0.06426735218508997,1.3888888888888888,T002_015,T002,40-44歳,男性,42.0,T002_015,40-44歳,女性,42.0,same,M→F,40s
T002_015,IC02_由美子,27,T002_015,友人知人,36,T002_015,702,0.038461538461538464,0.75,T002_015,T002_001,40-44歳,女性,42.0,T002_015,40-44歳,男性,42.0,same,F→M,40s
T002_018,IC01_直也,19,T002_018,家族,15,T002_018,216,0.08796296296296297,1.2666666666666666,T002_018,T002,40-44歳,男性,42.0,T002_018,35-39歳,女性,37.0,older,M→F,40s
T002_018,IC02_綾音,1,T002_018,家族,15,T002_018,176,0.005681818181818182,0.06666666666666667,T002_018,T002_015,35-39歳,女性,37.0,T002_018,40-44歳,男性,42.0,younger,F→M,30s
T002_019,IC01_直也,39,T002_019,仕事関係,19,T002_019,343,0.11370262390670553,2.0526315789473686,T002_019,T002,40-44歳,男性,42.0,T002_019,35-39歳,女性,37.0,older,M→F,40s
T002_019,IC02_高柳,8,T002_019,仕事関係,19,T002_019,274,0.029197080291970802,0.42105263157894735,T002_019,T002_013,35-39歳,女性,37.0,T002_019,40-44歳,男性,42.0,younger,F→M,30s
T003_003,IC01_由美,53,T003_003,友人知人,55,T003_003,986,0.0537525354969574,0.9636363636363636,T003_003,T003,35-39歳,女性,37.0,T003_003,35-39歳,女性,37.0,same,F→F,30s
T003_003,IC02_牧野,22,T003_003,友人知人,55,T003_003,1306,0.016845329249617153,0.4,T003_003,T003_004,35-39歳,女性,37.0,T003_003,35-39歳,女性,37.0,same,F→F,30s
T004_006,IC01_一ノ宮,48,T004_006,サービス場面関係,29,T004_006,348,0.13793103448275862,1.6551724137931034,T004_006,T004,60-64歳,女性,62.0,T004_006,60-64歳,女性,62.0,same,F→F,60s
T004_006,IC02_中森,5,T004_006,サービス場面関係,29,T004_006,427,0.0117096018735363,0.1724137931034483,T004_006,T004_014,60-64歳,女性,62.0,T004_006,60-64歳,女性,62.0,same,F→F,60s
T004_016,IC05_パパ,5,T004_016,家族,13,T004_016,222,0.02252252252252252,0.38461538461538464,T004_016,T004_001,60-64歳,男性,62.0,T004_016,60-64歳,女性,62.0,same,M→F,60s
T004_016,IC06_一ノ宮,15,T004_016,家族,13,T004_016,222,0.06756756756756757,1.1538461538461537,T004_016,T004,60-64歳,女性,62.0,T004_016,60-64歳,男性,62.0,same,F→M,60s
T006_001,IC01_尾形,34,T006_001,先生生徒,28,T006_001,479,0.0709812108559499,1.2142857142857142,T006_001,T006,25-29歳,男性,27.0,T006_001,60-64歳,女性,62.0,younger,M→F,20s
T006_001,IC02_坂上,62,T006_001,先生生徒,28,T006_001,611,0.10147299509001637,2.2142857142857144,T006_001,T006_001,60-64歳,女性,62.0,T006_001,25-29歳,男性,27.0,older,F→M,60s
T006_003,IC01_尾形,4,T006_003,友人知人,15,T006_003,237,0.016877637130801686,0.26666666666666666,T006_003,T006,25-29歳,男性,27.0,T006_003,25-29歳,男性,27.0,same,M→M,20s
T006_003,IC02_根本,3,T006_003,友人知人,15,T006_003,222,0.013513513513513514,0.2,T006_003,T006_004,25-29歳,男性,27.0,T006_003,25-29歳,男性,27.0,same,M→M,20s
T006_005,IC01_尾形,14,T006_005,友人知人,38,T006_005,742,0.018867924528301886,0.3684210526315789,T006_005,T006,25-29歳,男性,27.0,T006_005,20-24歳,男性,22.0,older,M→M,20s
T006_005,IC02_坂本,5,T006_005,友人知人,38,T006_005,579,0.008635578583765112,0.13157894736842105,T006_005,T006_009,20-24歳,男性,22.0,T006_005,25-29歳,男性,27.0,younger,M→M,20s
T006_009,IC01_尾形,3,T006_009,友人知人,14,T006_009,362,0.008287292817679558,0.21428571428571427,T006_009,T006,25-29歳,男性,27.0,T006_009,25-29歳,男性,27.0,same,M→M,20s
T006_009,IC02_根本,6,T006_009,友人知人,14,T006_009,340,0.01764705882352941,0.42857142857142855,T006_009,T006_004,25-29歳,男性,27.0,T006_009,25-29歳,男性,27.0,same,M→M,20s
T007_004,IC01_塚田,11,T007_004,家族,32,T007_004,393,0.027989821882951654,0.34375,T007_004,T007,70-74歳,男性,72.0,T007_004,60-64歳,男性,62.0,older,M→M,70s
T007_004,IC02_誠,28,T007_004,家族,32,T007_004,664,0.04216867469879518,0.875,T007_004,T007_005,60-64歳,男性,62.0,T007_004,70-74歳,男性,72.0,younger,M→M,60s
T007_009,IC01_塚田,110,T007_009,同僚,63,T007_009,835,0.1317365269461078,1.746031746031746,T007_009,T007,70-74歳,男性,72.0,T007_009,70-74歳,男性,72.0,same,M→M,70s
T007_009,IC02_平賀,3,T007_009,同僚,63,T007_009,1597,0.001878522229179712,0.047619047619047616,T007_009,T007_023,70-74歳,男性,72.0,T007_009,70-74歳,男性,72.0,same,M→M,70s
T007_010,IC01_塚田,2,T007_010,家族,17,T007_010,119,0.01680672268907563,0.11764705882352941,T007_010,T007,70-74歳,男性,72.0,T007_010,70-74歳,女性,72.0,same,M→F,70s
T007_010,IC04_芳恵,10,T007_010,家族,17,T007_010,222,0.04504504504504504,0.5882352941176471,T007_010,T007_001,70-74歳,女性,72.0,T007_010,70-74歳,男性,72.0,same,F→M,70s
T007_016a,IC01_塚田,18,T007_016a,同僚,13,T007_016a,275,0.06545454545454546,1.3846153846153846,T007_016a,T007,70-74歳,男性,72.0,T007_016a,80-84歳,男性,82.0,younger,M→M,70s
T007_016b,IC01_塚田,26,T007_016b,同僚,15,T007_016b,307,0.08469055374592833,1.7333333333333334,T007_016b,T007,70-74歳,男性,72.0,T007_016b,80-84歳,男性,82.0,younger,M→M,70s
T007_016b,IC02_鬼頭,5,T007_016b,同僚,15,T007_016b,499,0.01002004008016032,0.3333333333333333,T007_016b,T007_017,80-84歳,男性,82.0,T007_016b,70-74歳,男性,72.0,older,M→M,80s
T008_003,IC01_彩香,3,T008_003,家族,11,T008_003,204,0.014705882352941176,0.2727272727272727,T008_003,T008,30-34歳,女性,32.0,T008_003,35-39歳,男性,37.0,younger,F→M,30s
T008_003,IC02_康明,4,T008_003,家族,11,T008_003,151,0.026490066225165563,0.36363636363636365,T008_003,T008_001,35-39歳,男性,37.0,T008_003,30-34歳,女性,32.0,older,M→F,30s
T008_004,IC02_康明,1,T008_004,家族,13,T008_004,130,0.007692307692307693,0.07692307692307693,T008_004,T008_001,35-39歳,男性,37.0,T008_004,30-34歳,女性,32.0,older,M→F,30s
T008_005a,IC03_秀夫,1,T008_005a,友人知人,8,T008_005a,148,0.006756756756756757,0.125,T008_005a,T008_003,50-54歳,男性,52.0,T008_005a,30-34歳,女性,32.0,older,M→F,50s
T008_005b,IC01_彩香,1,T008_005b,友人知人,10,T008_005b,185,0.005405405405405406,0.1,T008_005b,T008,30-34歳,女性,32.0,T008_005b,50-54歳,男性,52.0,younger,F→M,30s
T008_005b,IC03_秀夫,6,T008_005b,友人知人,10,T008_005b,186,0.03225806451612903,0.6,T008_005b,T008_003,50-54歳,男性,52.0,T008_005b,30-34歳,女性,32.0,older,M→F,50s
T008_005c,IC03_秀夫,6,T008_005c,友人知人,8,T008_005c,121,0.049586776859504134,0.75,T008_005c,T008_003,50-54歳,男性,52.0,T008_005c,30-34歳,女性,32.0,older,M→F,50s
T008_008,IC01_彩香,7,T008_008,家族,16,T008_008,240,0.029166666666666667,0.4375,T008_008,T008,30-34歳,女性,32.0,T008_008,65-69歳,女性,67.0,younger,F→F,30s
T008_008,IC03_母,8,T008_008,家族,16,T008_008,312,0.02564102564102564,0.5,T008_008,T008_007,65-69歳,女性,67.0,T008_008,30-34歳,女性,32.0,older,F→F,60s
T008_009,IC01_彩香,1,T008_009,家族,16,T008_009,276,0.0036231884057971015,0.0625,T008_009,T008,30-34歳,女性,32.0,T008_009,35-39歳,男性,37.0,younger,F→M,30s
T008_010,IC01_彩香,5,T008_010,仕事関係,26,T008_010,363,0.013774104683195593,0.19230769230769232,T008_010,T008,30-34歳,女性,32.0,T008_010,45-49歳,男性,47.0,younger,F→M,30s
T008_010,IC03_恒也,45,T008_010,仕事関係,26,T008_010,482,0.09336099585062241,1.7307692307692308,T008_010,T008_008,45-49歳,男性,47.0,T008_010,30-34歳,女性,32.0,older,M→F,40s
T008_011,IC01_彩香,1,T008_011,友人知人,9,T008_011,177,0.005649717514124294,0.1111111111111111,T008_011,T008,30-34歳,女性,32.0,T008_011,50-54歳,男性,52.0,younger,F→M,30s
T008_013,IC01_彩香,5,T008_013,家族,17,T008_013,342,0.014619883040935672,0.29411764705882354,T008_013,T008,30-34歳,女性,32.0,T008_013,35-39歳,男性,37.0,younger,F→M,30s
T008_013,IC02_康明,2,T008_013,家族,17,T008_013,212,0.009433962264150943,0.11764705882352941,T008_013,T008_001,35-39歳,男性,37.0,T008_013,30-34歳,女性,32.0,older,M→F,30s
T008_014a,IC01_彩香,2,T008_014a,仕事関係,5,T008_014a,123,0.016260162601626018,0.4,T008_014a,T008,30-34歳,女性,32.0,T008_014a,45-49歳,女性,47.0,younger,F→F,30s
T008_014a,IC03_守江,5,T008_014a,仕事関係,5,T008_014a,143,0.03496503496503497,1.0,T008_014a,T008_010,45-49歳,女性,47.0,T008_014a,30-34歳,女性,32.0,older,F→F,40s
T008_014b,IC01_彩香,2,T008_014b,仕事関係,17,T008_014b,414,0.004830917874396135,0.11764705882352941,T008_014b,T008,30-34歳,女性,32.0,T008_014b,45-49歳,女性,47.0,younger,F→F,30s
T008_014b,IC03_守江,14,T008_014b,仕事関係,17,T008_014b,482,0.029045643153526972,0.8235294117647058,T008_014b,T008_010,45-49歳,女性,47.0,T008_014b,30-34歳,女性,32.0,older,F→F,40s
T008_019a,IC01_彩香,1,T008_019a,仕事関係,10,T008_019a,165,0.006060606060606061,0.1,T008_019a,T008,30-34歳,女性,32.0,T008_019a,55-59歳,男性,57.0,younger,F→M,30s
T008_019a,IC05_江尻,4,T008_019a,仕事関係,10,T008_019a,238,0.01680672268907563,0.4,T008_019a,T008_013,55-59歳,男性,57.0,T008_019a,30-34歳,女性,32.0,older,M→F,50s
T008_019b,IC01_彩香,4,T008_019b,仕事関係,31,T008_019b,585,0.006837606837606838,0.12903225806451613,T008_019b,T008,30-34歳,女性,32.0,T008_019b,55-59歳,男性,57.0,younger,F→M,30s
T008_019b,IC05_江尻,46,T008_019b,仕事関係,31,T008_019b,807,0.057001239157372985,1.4838709677419355,T008_019b,T008_013,55-59歳,男性,57.0,T008_019b,30-34歳,女性,32.0,older,M→F,50s
T008_020,IC01_彩香,1,T008_020,家族,7,T008_020,134,0.007462686567164179,0.14285714285714285,T008_020,T008,30-34歳,女性,32.0,T008_020,35-39歳,男性,37.0,younger,F→M,30s
T008_020,IC02_康明,1,T008_020,家族,7,T008_020,129,0.007751937984496124,0.14285714285714285,T008_020,T008_001,35-39歳,男性,37.0,T008_020,30-34歳,女性,32.0,older,M→F,30s
T008_021,IC01_彩香,2,T008_021,家族,20,T008_021,266,0.007518796992481203,0.1,T008_021,T008,30-34歳,女性,32.0,T008_021,65-69歳,女性,67.0,younger,F→F,30s
T008_021,IC05_母,6,T008_021,家族,20,T008_021,343,0.01749271137026239,0.3,T008_021,T008_007,65-69歳,女性,67.0,T008_021,30-34歳,女性,32.0,older,F→F,60s
T008_022a,IC01_彩香,1,T008_022a,友人知人,13,T008_022a,215,0.004651162790697674,0.07692307692307693,T008_022a,T008,30-34歳,女性,32.0,T008_022a,45-49歳,男性,47.0,younger,F→M,30s
T008_022a,IC06_さとる,11,T008_022a,友人知人,13,T008_022a,230,0.04782608695652174,0.8461538461538461,T008_022a,T008_009,45-49歳,男性,47.0,T008_022a,30-34歳,女性,32.0,older,M→F,40s
T008_022b,IC01_彩香,1,T008_022b,友人知人,2,T008_022b,44,0.022727272727272728,0.5,T008_022b,T008,30-34歳,女性,32.0,T008_022b,45-49歳,男性,47.0,younger,F→M,30s
T008_022b,IC06_さとる,3,T008_022b,友人知人,2,T008_022b,39,0.07692307692307693,1.5,T008_022b,T008_009,45-49歳,男性,47.0,T008_022b,30-34歳,女性,32.0,older,M→F,40s
T008_022c,IC01_彩香,1,T008_022c,友人知人,9,T008_022c,130,0.007692307692307693,0.1111111111111111,T008_022c,T008,30-34歳,女性,32.0,T008_022c,45-49歳,男性,47.0,younger,F→M,30s
T008_022c,IC06_さとる,14,T008_022c,友人知人,9,T008_022c,163,0.08588957055214724,1.5555555555555556,T008_022c,T008_009,45-49歳,男性,47.0,T008_022c,30-34歳,女性,32.0,older,M→F,40s
T009_001,IC01_安藤,16,T009_001,家族,22,T009_001,454,0.03524229074889868,0.7272727272727273,T009_001,T009,20-24歳,女性,22.0,T009_001,80-84歳,女性,82.0,younger,F→F,20s
T009_001,IC02_早苗,64,T009_001,家族,22,T009_001,522,0.12260536398467432,2.909090909090909,T009_001,T009_001,80-84歳,女性,82.0,T009_001,20-24歳,女性,22.0,older,F→F,80s
T009_002,IC01_安藤,1,T009_002,家族,10,T009_002,166,0.006024096385542169,0.1,T009_002,T009,20-24歳,女性,22.0,T009_002,50-54歳,女性,52.0,younger,F→F,20s
T009_002,IC02_桃子,5,T009_002,家族,10,T009_002,231,0.021645021645021644,0.5,T009_002,T009_002,50-54歳,女性,52.0,T009_002,20-24歳,女性,22.0,older,F→F,50s
T009_003,IC01_安藤,5,T009_003,友人知人,23,T009_003,430,0.011627906976744186,0.21739130434782608,T009_003,T009,20-24歳,女性,22.0,T009_003,20-24歳,男性,22.0,same,F→M,20s
T009_003,Z10A_店員,2,T009_003,友人知人,23,T009_003,22,0.09090909090909091,0.08695652173913043,T009_003,T009_025,,女性,,,,,,,,
T009_005a,IC01_安藤,1,T009_005a,友人知人,8,T009_005a,114,0.008771929824561403,0.125,T009_005a,T009,20-24歳,女性,22.0,T009_005a,20-24歳,女性,22.0,same,F→F,20s
T009_005a,IC02_柚本,3,T009_005a,友人知人,8,T009_005a,129,0.023255813953488372,0.375,T009_005a,T009_015,20-24歳,女性,22.0,T009_005a,20-24歳,女性,22.0,same,F→F,20s
T009_005b,IC02_柚本,2,T009_005b,友人知人,4,T009_005b,84,0.023809523809523808,0.5,T009_005b,T009_015,20-24歳,女性,22.0,T009_005b,20-24歳,女性,22.0,same,F→F,20s
T009_015,IC01_安藤,3,T009_015,家族,22,T009_015,316,0.00949367088607595,0.13636363636363635,T009_015,T009,20-24歳,女性,22.0,T009_015,50-54歳,女性,52.0,younger,F→F,20s
T009_015,IC02_桃子,2,T009_015,家族,22,T009_015,359,0.005571030640668524,0.09090909090909091,T009_015,T009_002,50-54歳,女性,52.0,T009_015,20-24歳,女性,22.0,older,F→F,50s
T009_017,IC01_安藤,4,T009_017,友人知人,23,T009_017,476,0.008403361344537815,0.17391304347826086,T009_017,T009,20-24歳,女性,22.0,T009_017,20-24歳,男性,22.0,same,F→M,20s
T009_017,IC02_俊明,3,T009_017,友人知人,23,T009_017,407,0.007371007371007371,0.13043478260869565,T009_017,T009_003,20-24歳,男性,22.0,T009_017,20-24歳,女性,22.0,same,M→F,20s
T009_021a,IC01_安藤,7,T009_021a,友人知人,11,T009_021a,184,0.03804347826086957,0.6363636363636364,T009_021a,T009,20-24歳,女性,22.0,T009_021a,20-24歳,女性,22.0,same,F→F,20s
T009_021b,IC01_安藤,43,T009_021b,友人知人,38,T009_021b,532,0.08082706766917293,1.131578947368421,T009_021b,T009,20-24歳,女性,22.0,T009_021b,20-24歳,女性,22.0,same,F→F,20s
T009_021b,IC02_若菜,2,T009_021b,友人知人,38,T009_021b,544,0.003676470588235294,0.05263157894736842,T009_021b,T009_023,20-24歳,女性,22.0,T009_021b,20-24歳,女性,22.0,same,F→F,20s
T009_022,IC01_安藤,6,T009_022,同僚,30,T009_022,386,0.015544041450777202,0.2,T009_022,T009,20-24歳,女性,22.0,T009_022,30-34歳,女性,32.0,younger,F→F,20s
T009_022,IC02_岩本,32,T009_022,同僚,30,T009_022,669,0.04783258594917788,1.0666666666666667,T009_022,T009_024,30-34歳,女性,32.0,T009_022,20-24歳,女性,22.0,older,F→F,30s
T009_022,Z201_客,1,T009_022,同僚,30,T009_022,13,0.07692307692307693,0.03333333333333333,T009_022,T009_030,,男性,,,,,,,,
T010_002a,IC01_徹,32,T010_002a,家族,20,T010_002a,292,0.1095890410958904,1.6,T010_002a,T010,20-24歳,男性,22.0,T010_002a,50-54歳,女性,52.0,younger,M→F,20s
T010_002a,IC02_サブ,22,T010_002a,家族,20,T010_002a,325,0.06769230769230769,1.1,T010_002a,T010_001,50-54歳,女性,52.0,T010_002a,20-24歳,男性,22.0,older,F→M,50s
T010_002b,IC01_徹,10,T010_002b,家族,20,T010_002b,317,0.031545741324921134,0.5,T010_002b,T010,20-24歳,男性,22.0,T010_002b,50-54歳,女性,52.0,younger,M→F,20s
T010_002b,IC02_サブ,21,T010_002b,家族,20,T010_002b,331,0.0634441087613293,1.05,T010_002b,T010_001,50-54歳,女性,52.0,T010_002b,20-24歳,男性,22.0,older,F→M,50s
T010_005,IC01_徹,14,T010_005,友人知人,33,T010_005,1060,0.013207547169811321,0.42424242424242425,T010_005,T010,20-24歳,男性,22.0,T010_005,20-24歳,男性,22.0,same,M→M,20s
T010_005,IC02_辺見,4,T010_005,友人知人,33,T010_005,1216,0.003289473684210526,0.12121212121212122,T010_005,T010_005,20-24歳,男性,22.0,T010_005,20-24歳,男性,22.0,same,M→M,20s
T010_007,IC01_徹,14,T010_007,先生生徒,18,T010_007,295,0.04745762711864407,0.7777777777777778,T010_007,T010,20-24歳,男性,22.0,T010_007,30-34歳,男性,32.0,younger,M→M,20s
T010_007,IC02_大槻,11,T010_007,先生生徒,18,T010_007,213,0.051643192488262914,0.6111111111111112,T010_007,T010_007,30-34歳,男性,32.0,T010_007,20-24歳,男性,22.0,older,M→M,30s
T010_009,IC01_徹,35,T010_009,先生生徒,23,T010_009,563,0.06216696269982238,1.5217391304347827,T010_009,T010,20-24歳,男性,22.0,T010_009,40-44歳,男性,42.0,younger,M→M,20s
T010_009,IC02_石塚,9,T010_009,先生生徒,23,T010_009,522,0.017241379310344827,0.391304347826087,T010_009,T010_008,40-44歳,男性,42.0,T010_009,20-24歳,男性,22.0,older,M→M,40s
T010_013,IC01_徹,59,T010_013,友人知人,50,T010_013,1154,0.0511265164644714,1.18,T010_013,T010,20-24歳,男性,22.0,T010_013,20-24歳,男性,22.0,same,M→M,20s
T010_013,IC02_神崎,52,T010_013,友人知人,50,T010_013,1182,0.043993231810490696,1.04,T010_013,T010_009,20-24歳,男性,22.0,T010_013,20-24歳,男性,22.0,same,M→M,20s
T013_001,IC01_溝口,18,T013_001,家族,10,T013_001,198,0.09090909090909091,1.8,T013_001,T013,65-69歳,男性,67.0,T013_001,60-64歳,女性,62.0,older,M→F,60s
T013_001,IC02_妻,2,T013_001,家族,10,T013_001,225,0.008888888888888889,0.2,T013_001,T013_001,60-64歳,女性,62.0,T013_001,65-69歳,男性,67.0,younger,F→M,60s
T013_003,IC01_溝口,4,T013_003,家族,29,T013_003,433,0.009237875288683603,0.13793103448275862,T013_003,T013,65-69歳,男性,67.0,T013_003,60-64歳,女性,62.0,older,M→F,60s
T013_003,IC02_妻,8,T013_003,家族,29,T013_003,393,0.020356234096692113,0.27586206896551724,T013_003,T013_001,60-64歳,女性,62.0,T013_003,65-69歳,男性,67.0,younger,F→M,60s
T013_005,IC01_溝口,6,T013_005,家族,7,T013_005,145,0.041379310344827586,0.8571428571428571,T013_005,T013,65-69歳,男性,67.0,T013_005,60-64歳,女性,62.0,older,M→F,60s
T013_005,IC02_妻,1,T013_005,家族,7,T013_005,163,0.006134969325153374,0.14285714285714285,T013_005,T013_001,60-64歳,女性,62.0,T013_005,65-69歳,男性,67.0,younger,F→M,60s
T013_007,IC01_溝口,2,T013_007,家族,6,T013_007,114,0.017543859649122806,0.3333333333333333,T013_007,T013,65-69歳,男性,67.0,T013_007,60-64歳,女性,62.0,older,M→F,60s
T013_007,IC02_妻,3,T013_007,家族,6,T013_007,64,0.046875,0.5,T013_007,T013_001,60-64歳,女性,62.0,T013_007,65-69歳,男性,67.0,younger,F→M,60s
T013_017,IC01_溝口,6,T013_017,元同僚,10,T013_017,193,0.031088082901554404,0.6,T013_017,T013,65-69歳,男性,67.0,T013_017,65-69歳,男性,67.0,same,M→M,60s
T013_017,IC02_内藤,4,T013_017,元同僚,10,T013_017,183,0.02185792349726776,0.4,T013_017,T013_019,65-69歳,男性,67.0,T013_017,65-69歳,男性,67.0,same,M→M,60s
T013_018,IC01_溝口,35,T013_018,元同僚,30,T013_018,565,0.061946902654867256,1.1666666666666667,T013_018,T013,65-69歳,男性,67.0,T013_018,65-69歳,男性,67.0,same,M→M,60s
T013_018,IC02_内藤,12,T013_018,元同僚,30,T013_018,442,0.027149321266968326,0.4,T013_018,T013_019,65-69歳,男性,67.0,T013_018,65-69歳,男性,67.0,same,M→M,60s
T013_020,IC01_溝口,7,T013_020,友人知人,15,T013_020,463,0.01511879049676026,0.4666666666666667,T013_020,T013,65-69歳,男性,67.0,T013_020,60-64歳,男性,62.0,older,M→M,60s
T013_020,IC02_青木,19,T013_020,友人知人,15,T013_020,232,0.08189655172413793,1.2666666666666666,T013_020,T013_023,60-64歳,男性,62.0,T013_020,65-69歳,男性,67.0,younger,M→M,60s
T013_021,IC01_溝口,11,T013_021,友人知人,15,T013_021,338,0.03254437869822485,0.7333333333333333,T013_021,T013,65-69歳,男性,67.0,T013_021,65-69歳,男性,67.0,same,M→M,60s
T013_021,IC02_北村,14,T013_021,友人知人,15,T013_021,268,0.05223880597014925,0.9333333333333333,T013_021,T013_022,65-69歳,男性,67.0,T013_021,65-69歳,男性,67.0,same,M→M,60s
T014_001a,IC02_晴信,1,T014_001a,家族,4,T014_001a,59,0.01694915254237288,0.25,T014_001a,T014_001,55-59歳,男性,57.0,T014_001a,45-49歳,女性,47.0,older,M→F,50s
T014_001b,IC01_吉田,1,T014_001b,家族,6,T014_001b,138,0.007246376811594203,0.16666666666666666,T014_001b,T014,45-49歳,女性,47.0,T014_001b,55-59歳,男性,57.0,younger,F→M,40s
T014_001b,IC02_晴信,2,T014_001b,家族,6,T014_001b,74,0.02702702702702703,0.3333333333333333,T014_001b,T014_001,55-59歳,男性,57.0,T014_001b,45-49歳,女性,47.0,older,M→F,50s
T014_005a,IC01_吉田,2,T014_005a,家族,3,T014_005a,100,0.02,0.6666666666666666,T014_005a,T014,45-49歳,女性,47.0,T014_005a,55-59歳,男性,57.0,younger,F→M,40s
T014_005a,IC02_晴信,3,T014_005a,家族,3,T014_005a,76,0.039473684210526314,1.0,T014_005a,T014_001,55-59歳,男性,57.0,T014_005a,45-49歳,女性,47.0,older,M→F,50s
T014_005b,IC01_吉田,1,T014_005b,家族,10,T014_005b,256,0.00390625,0.1,T014_005b,T014,45-49歳,女性,47.0,T014_005b,55-59歳,男性,57.0,younger,F→M,40s
T014_005b,IC02_晴信,1,T014_005b,家族,10,T014_005b,161,0.006211180124223602,0.1,T014_005b,T014_001,55-59歳,男性,57.0,T014_005b,45-49歳,女性,47.0,older,M→F,50s
T014_005c,IC01_吉田,3,T014_005c,家族,10,T014_005c,285,0.010526315789473684,0.3,T014_005c,T014,45-49歳,女性,47.0,T014_005c,55-59歳,男性,57.0,younger,F→M,40s
T014_005c,IC02_晴信,3,T014_005c,家族,10,T014_005c,162,0.018518518518518517,0.3,T014_005c,T014_001,55-59歳,男性,57.0,T014_005c,45-49歳,女性,47.0,older,M→F,50s
T014_008,IC03_澤井,20,T014_008,同僚,28,T014_008,746,0.02680965147453083,0.7142857142857143,T014_008,T014_003,40-44歳,女性,42.0,T014_008,45-49歳,女性,47.0,younger,F→F,40s
T014_008,IC04_吉田,13,T014_008,同僚,28,T014_008,1005,0.012935323383084577,0.4642857142857143,T014_008,T014,45-49歳,女性,47.0,T014_008,40-44歳,女性,42.0,older,F→F,40s
T014_010a,IC03_吉田,9,T014_010a,同僚,15,T014_010a,435,0.020689655172413793,0.6,T014_010a,T014,45-49歳,女性,47.0,T014_010a,40-44歳,女性,42.0,older,F→F,40s
T014_010a,IC04_真知子,1,T014_010a,同僚,15,T014_010a,352,0.002840909090909091,0.06666666666666667,T014_010a,T014_005,40-44歳,女性,42.0,T014_010a,45-49歳,女性,47.0,younger,F→F,40s
T014_010b,IC03_吉田,6,T014_010b,同僚,9,T014_010b,252,0.023809523809523808,0.6666666666666666,T014_010b,T014,45-49歳,女性,47.0,T014_010b,40-44歳,女性,42.0,older,F→F,40s
T014_011a,IC03_吉田,20,T014_011a,元同僚,10,T014_011a,287,0.06968641114982578,2.0,T014_011a,T014,45-49歳,女性,47.0,T014_011a,60-64歳,女性,62.0,younger,F→F,40s
T014_011a,IC04_砂川,21,T014_011a,元同僚,10,T014_011a,237,0.08860759493670886,2.1,T014_011a,T014_006,60-64歳,女性,62.0,T014_011a,45-49歳,女性,47.0,older,F→F,60s
T014_011b,IC03_吉田,43,T014_011b,元同僚,25,T014_011b,822,0.052311435523114354,1.72,T014_011b,T014,45-49歳,女性,47.0,T014_011b,60-64歳,女性,62.0,younger,F→F,40s
T014_011b,IC04_砂川,25,T014_011b,元同僚,25,T014_011b,767,0.03259452411994785,1.0,T014_011b,T014_006,60-64歳,女性,62.0,T014_011b,45-49歳,女性,47.0,older,F→F,60s
T014_012,IC03_吉田,11,T014_012,同僚,19,T014_012,486,0.02263374485596708,0.5789473684210527,T014_012,T014,45-49歳,女性,47.0,T014_012,40-44歳,女性,42.0,older,F→F,40s
T014_012,IC04_伊之瀬,8,T014_012,同僚,19,T014_012,511,0.015655577299412915,0.42105263157894735,T014_012,T014_007,40-44歳,女性,42.0,T014_012,45-49歳,女性,47.0,younger,F→F,40s
T014_016,IC01_吉田,6,T014_016,友人知人,21,T014_016,592,0.010135135135135136,0.2857142857142857,T014_016,T014,45-49歳,女性,47.0,T014_016,45-49歳,女性,47.0,same,F→F,40s
T014_016,IC03_沼,13,T014_016,友人知人,21,T014_016,484,0.026859504132231406,0.6190476190476191,T014_016,T014_008,45-49歳,女性,47.0,T014_016,45-49歳,女性,47.0,same,F→F,40s
T014_018,IC01_吉田,17,T014_018,友人知人,70,T014_018,1582,0.010745891276864728,0.24285714285714285,T014_018,T014,45-49歳,女性,47.0,T014_018,50-54歳,女性,52.0,younger,F→F,40s
T014_018,IC02_杉山,20,T014_018,友人知人,70,T014_018,1261,0.01586042823156225,0.2857142857142857,T014_018,T014_010,50-54歳,女性,52.0,T014_018,45-49歳,女性,47.0,older,F→F,50s
T015_003,IC01_小川,27,T015_003,仕事関係,16,T015_003,325,0.08307692307692308,1.6875,T015_003,T015,50-54歳,男性,52.0,T015_003,65-69歳,男性,67.0,younger,M→M,50s
T015_003,IC02_金子,30,T015_003,仕事関係,16,T015_003,316,0.0949367088607595,1.875,T015_003,T015_006,65-69歳,男性,67.0,T015_003,50-54歳,男性,52.0,older,M→M,60s
T015_008a,IC01_小川,18,T015_008a,サービス場面関係,30,T015_008a,448,0.04017857142857143,0.6,T015_008a,T015,50-54歳,男性,52.0,T015_008a,50-54歳,男性,52.0,same,M→M,50s
T015_008a,IC02_正裕,15,T015_008a,サービス場面関係,30,T015_008a,576,0.026041666666666668,0.5,T015_008a,T015_013,50-54歳,男性,52.0,T015_008a,50-54歳,男性,52.0,same,M→M,50s
T015_008b,IC01_小川,9,T015_008b,サービス場面関係,12,T015_008b,234,0.038461538461538464,0.75,T015_008b,T015,50-54歳,男性,52.0,T015_008b,50-54歳,男性,52.0,same,M→M,50s
T015_008b,IC02_正裕,5,T015_008b,サービス場面関係,12,T015_008b,170,0.029411764705882353,0.4166666666666667,T015_008b,T015_013,50-54歳,男性,52.0,T015_008b,50-54歳,男性,52.0,same,M→M,50s
T015_010,IC01_小川,9,T015_010,仕事関係,18,T015_010,531,0.01694915254237288,0.5,T015_010,T015,50-54歳,男性,52.0,T015_010,55-59歳,女性,57.0,younger,M→F,50s
T015_010,IC02_高畑,18,T015_010,仕事関係,18,T015_010,469,0.03837953091684435,1.0,T015_010,T015_018,55-59歳,女性,57.0,T015_010,50-54歳,男性,52.0,older,F→M,50s
T015_012a,IC02_翔太,2,T015_012a,家族,8,T015_012a,82,0.024390243902439025,0.25,T015_012a,T015_021,10-14歳,男性,12.0,T015_012a,50-54歳,男性,52.0,younger,M→M,10s
T015_012b,IC01_小川,2,T015_012b,家族,23,T015_012b,259,0.007722007722007722,0.08695652173913043,T015_012b,T015,50-54歳,男性,52.0,T015_012b,10-14歳,男性,12.0,older,M→M,50s
T015_012b,IC02_翔太,7,T015_012b,家族,23,T015_012b,217,0.03225806451612903,0.30434782608695654,T015_012b,T015_021,10-14歳,男性,12.0,T015_012b,50-54歳,男性,52.0,younger,M→M,10s
T015_014,IC01_小川,4,T015_014,友人知人,12,T015_014,155,0.025806451612903226,0.3333333333333333,T015_014,T015,50-54歳,男性,52.0,T015_014,65-69歳,男性,67.0,younger,M→M,50s
T015_014,IC02_平川,18,T015_014,友人知人,12,T015_014,179,0.1005586592178771,1.5,T015_014,T015_028,65-69歳,男性,67.0,T015_014,50-54歳,男性,52.0,older,M→M,60s
T015_014,Z10A_店員,3,T015_014,友人知人,12,T015_014,39,0.07692307692307693,0.25,T015_014,T015_050,,男性,,,,,,,,
T016_003,IC01_慎吾,22,T016_003,家族,29,T016_003,450,0.04888888888888889,0.7586206896551724,T016_003,T016,40-44歳,男性,42.0,T016_003,35-39歳,女性,37.0,older,M→F,40s
T016_003,IC02_理奈子,65,T016_003,家族,29,T016_003,487,0.13347022587268995,2.2413793103448274,T016_003,T016_001,35-39歳,女性,37.0,T016_003,40-44歳,男性,42.0,younger,F→M,30s
T016_005,IC01_慎吾,8,T016_005,家族,16,T016_005,329,0.0243161094224924,0.5,T016_005,T016,40-44歳,男性,42.0,T016_005,0-4歳,男性,2.0,older,M→M,40s
T016_005,IC05_鉄朗,3,T016_005,家族,16,T016_005,195,0.015384615384615385,0.1875,T016_005,T016_003,0-4歳,男性,2.0,T016_005,40-44歳,男性,42.0,younger,M→M,0s
T016_006a,IC01_慎吾,3,T016_006a,家族,33,T016_006a,551,0.0054446460980036296,0.09090909090909091,T016_006a,T016,40-44歳,男性,42.0,T016_006a,35-39歳,女性,37.0,older,M→F,40s
T016_006a,IC02_理奈子,34,T016_006a,家族,33,T016_006a,486,0.06995884773662552,1.0303030303030303,T016_006a,T016_001,35-39歳,女性,37.0,T016_006a,40-44歳,男性,42.0,younger,F→M,30s
T016_006b,IC01_慎吾,3,T016_006b,家族,16,T016_006b,316,0.00949367088607595,0.1875,T016_006b,T016,40-44歳,男性,42.0,T016_006b,35-39歳,女性,37.0,older,M→F,40s
T016_006b,IC02_理奈子,17,T016_006b,家族,16,T016_006b,296,0.057432432432432436,1.0625,T016_006b,T016_001,35-39歳,女性,37.0,T016_006b,40-44歳,男性,42.0,younger,F→M,30s
T016_008,IC01_慎吾,13,T016_008,仕事関係,16,T016_008,233,0.055793991416309016,0.8125,T016_008,T016,40-44歳,男性,42.0,,,,,,,40s
T016_008,N10A_坂井,31,T016_008,仕事関係,16,T016_008,290,0.10689655172413794,1.9375,T016_008,T016_005,45-49歳,女性,47.0,,,,,,,40s
T017_004,IC01_岡崎,8,T017_004,サービス場面関係,19,T017_004,357,0.022408963585434174,0.42105263157894735,T017_004,T017,60-64歳,女性,62.0,,,,,,,60s
T017_004,N10B_佐久間,10,T017_004,サービス場面関係,19,T017_004,329,0.030395136778115502,0.5263157894736842,T017_004,T017_003,30-34歳,男性,32.0,,,,,,,30s
T017_006,IC03_岡崎,58,T017_006,友人知人,54,T017_006,1191,0.04869857262804366,1.0740740740740742,T017_006,T017,60-64歳,女性,62.0,T017_006,40-44歳,女性,42.0,older,F→F,60s
T017_006,IC05_三嶋,42,T017_006,友人知人,54,T017_006,1432,0.029329608938547486,0.7777777777777778,T017_006,T017_006,40-44歳,女性,42.0,T017_006,60-64歳,女性,62.0,younger,F→F,40s
T017_011a,IC02_高山,22,T017_011a,サービス場面関係,32,T017_011a,979,0.02247191011235955,0.6875,T017_011a,T017_012,55-59歳,女性,57.0,,,,,,,50s
T017_011a,N10A_岡崎,6,T017_011a,サービス場面関係,32,T017_011a,319,0.018808777429467086,0.1875,T017_011a,T017,60-64歳,女性,62.0,,,,,,,60s
T017_011b,IC02_高山,1,T017_011b,サービス場面関係,2,T017_011b,59,0.01694915254237288,0.5,T017_011b,T017_012,55-59歳,女性,57.0,,,,,,,50s
T017_012,IC01_岡崎,19,T017_012,サービス場面関係,16,T017_012,410,0.046341463414634146,1.1875,T017_012,T017,60-64歳,女性,62.0,T017_012,70-74歳,男性,72.0,younger,F→M,60s
T017_012,IC02_島田,7,T017_012,サービス場面関係,16,T017_012,386,0.018134715025906734,0.4375,T017_012,T017_013,70-74歳,男性,72.0,T017_012,60-64歳,女性,62.0,older,M→F,70s
T017_016,IC01_岡崎,4,T017_016,家族,13,T017_016,248,0.016129032258064516,0.3076923076923077,T017_016,T017,60-64歳,女性,62.0,T017_016,55-59歳,女性,57.0,older,F→F,60s
T017_016,IC02_由里子,5,T017_016,家族,13,T017_016,244,0.020491803278688523,0.38461538461538464,T017_016,T017_016,55-59歳,女性,57.0,T017_016,60-64歳,女性,62.0,younger,F→F,50s
T017_017,IC01_岡崎,4,T017_017,家族,20,T017_017,329,0.0121580547112462,0.2,T017_017,T017,60-64歳,女性,62.0,T017_017,55-59歳,女性,57.0,older,F→F,60s
T017_017,IC02_由里子,8,T017_017,家族,20,T017_017,286,0.027972027972027972,0.4,T017_017,T017_016,55-59歳,女性,57.0,T017_017,60-64歳,女性,62.0,younger,F→F,50s
T017_018,IC05_岡崎,25,T017_018,友人知人,17,T017_018,398,0.06281407035175879,1.4705882352941178,T017_018,T017,60-64歳,女性,62.0,T017_018,60-64歳,女性,62.0,same,F→F,60s
T017_018,IC06_西,3,T017_018,友人知人,17,T017_018,477,0.006289308176100629,0.17647058823529413,T017_018,T017_018,60-64歳,女性,62.0,T017_018,60-64歳,女性,62.0,same,F→F,60s
T018_004,IC02_山崎,74,T018_004,同僚,41,T018_004,1609,0.04599129894344313,1.8048780487804879,T018_004,T018_001,30-34歳,男性,32.0,,,,,,,30s
T018_004,N10A_根本,68,T018_004,同僚,41,T018_004,637,0.10675039246467818,1.6585365853658536,T018_004,T018,50-54歳,男性,52.0,,,,,,,50s
T018_017,IC02_牧島,17,T018_017,友人知人,13,T018_017,356,0.047752808988764044,1.3076923076923077,T018_017,T018_014,55-59歳,男性,57.0,T018_017,50-54歳,男性,52.0,older,M→M,50s
T018_021,IC01_根本,17,T018_021,友人知人,29,T018_021,340,0.05,0.5862068965517241,T018_021,T018,50-54歳,男性,52.0,T018_021,50-54歳,男性,52.0,same,M→M,50s
T018_021,IC02_室野,62,T018_021,友人知人,29,T018_021,520,0.11923076923076924,2.1379310344827585,T018_021,T018_010,50-54歳,男性,52.0,T018_021,50-54歳,男性,52.0,same,M→M,50s
T018_022,IC01_根本,15,T018_022,先生生徒,23,T018_022,538,0.027881040892193308,0.6521739130434783,T018_022,T018,50-54歳,男性,52.0,T018_022,20-24歳,男性,22.0,older,M→M,50s
T019_008a,IC01_原田,5,T019_008a,サービス場面関係,14,T019_008a,141,0.03546099290780142,0.35714285714285715,T019_008a,T019,40-44歳,男性,42.0,T019_008a,40-44歳,男性,42.0,same,M→M,40s
T019_008b,IC01_原田,4,T019_008b,サービス場面関係,10,T019_008b,114,0.03508771929824561,0.4,T019_008b,T019,40-44歳,男性,42.0,T019_008b,40-44歳,男性,42.0,same,M→M,40s
T019_011a,IC01_原田,1,T019_011a,家族,10,T019_011a,76,0.013157894736842105,0.1,T019_011a,T019,40-44歳,男性,42.0,T019_011a,,女性,,,M→F,40s
T019_011a,IC02_郷美,2,T019_011a,家族,10,T019_011a,128,0.015625,0.2,T019_011a,T019_001,,女性,,T019_011a,40-44歳,男性,42.0,,F→M,
T019_011b,IC01_原田,2,T019_011b,家族,13,T019_011b,80,0.025,0.15384615384615385,T019_011b,T019,40-44歳,男性,42.0,T019_011b,,女性,,,M→F,40s
T019_011b,IC02_郷美,5,T019_011b,家族,13,T019_011b,170,0.029411764705882353,0.38461538461538464,T019_011b,T019_001,,女性,,T019_011b,40-44歳,男性,42.0,,F→M,
T020_003,IC01_槇原,4,T020_003,同僚,7,T020_003,141,0.028368794326241134,0.5714285714285714,T020_003,T020,40-44歳,男性,42.0,T020_003,35-39歳,女性,37.0,older,M→F,40s
T020_003,IC03_川野,1,T020_003,同僚,7,T020_003,164,0.006097560975609756,0.14285714285714285,T020_003,T020_005,35-39歳,女性,37.0,T020_003,40-44歳,男性,42.0,younger,F→M,30s
T020_006,IC01_槇原,10,T020_006,先生生徒,13,T020_006,366,0.0273224043715847,0.7692307692307693,T020_006,T020,40-44歳,男性,42.0,T020_006,15-19歳,女性,17.0,older,M→F,40s
T020_006,IC02_浜名,2,T020_006,先生生徒,13,T020_006,81,0.024691358024691357,0.15384615384615385,T020_006,T020_009,15-19歳,女性,17.0,T020_006,40-44歳,男性,42.0,younger,F→M,10s
T020_007,IC01_槇原,5,T020_007,同僚,15,T020_007,259,0.019305019305019305,0.3333333333333333,T020_007,T020,40-44歳,男性,42.0,T020_007,35-39歳,男性,37.0,older,M→M,40s
T020_007,IC02_妹尾,10,T020_007,同僚,15,T020_007,230,0.043478260869565216,0.6666666666666666,T020_007,T020_014,35-39歳,男性,37.0,T020_007,40-44歳,男性,42.0,younger,M→M,30s
T020_008,IC01_槇原,3,T020_008,同僚,15,T020_008,350,0.008571428571428572,0.2,T020_008,T020,40-44歳,男性,42.0,T020_008,20-24歳,女性,22.0,older,M→F,40s
T020_008,N10A_苅野,1,T020_008,同僚,15,T020_008,10,0.1,0.06666666666666667,T020_008,T020_028,40-44歳,女性,42.0,,,,,,,40s
T020_009,IC01_槇原,2,T020_009,同僚,18,T020_009,402,0.004975124378109453,0.1111111111111111,T020_009,T020,40-44歳,男性,42.0,T020_009,20-24歳,女性,22.0,older,M→F,40s
T020_009,IC02_チコ,2,T020_009,同僚,18,T020_009,192,0.010416666666666666,0.1111111111111111,T020_009,T020_010,20-24歳,女性,22.0,T020_009,40-44歳,男性,42.0,younger,F→M,20s
T020_010a,IC01_槇原,3,T020_010a,家族,6,T020_010a,165,0.01818181818181818,0.5,T020_010a,T020,40-44歳,男性,42.0,T020_010a,40-44歳,女性,42.0,same,M→F,40s
T020_010a,IC02_妹,4,T020_010a,家族,6,T020_010a,190,0.021052631578947368,0.6666666666666666,T020_010a,T020_011,40-44歳,女性,42.0,T020_010a,40-44歳,男性,42.0,same,F→M,40s
T020_010b,IC01_槇原,5,T020_010b,家族,4,T020_010b,106,0.04716981132075472,1.25,T020_010b,T020,40-44歳,男性,42.0,T020_010b,40-44歳,女性,42.0,same,M→F,40s
T020_010b,IC02_妹,2,T020_010b,家族,4,T020_010b,136,0.014705882352941176,0.5,T020_010b,T020_011,40-44歳,女性,42.0,T020_010b,40-44歳,男性,42.0,same,F→M,40s
T020_010c,IC01_槇原,7,T020_010c,家族,10,T020_010c,300,0.023333333333333334,0.7,T020_010c,T020,40-44歳,男性,42.0,T020_010c,40-44歳,女性,42.0,same,M→F,40s
T020_010c,IC02_妹,12,T020_010c,家族,10,T020_010c,290,0.041379310344827586,1.2,T020_010c,T020_011,40-44歳,女性,42.0,T020_010c,40-44歳,男性,42.0,same,F→M,40s
T020_022a,IC01_槇原,5,T020_022a,サービス場面関係,8,T020_022a,194,0.02577319587628866,0.625,T020_022a,T020,40-44歳,男性,42.0,T020_022a,35-39歳,男性,37.0,older,M→M,40s
T020_022a,IC02_亘理,1,T020_022a,サービス場面関係,8,T020_022a,165,0.006060606060606061,0.125,T020_022a,T020_020,35-39歳,男性,37.0,T020_022a,40-44歳,男性,42.0,younger,M→M,30s
T020_022b,IC01_槇原,2,T020_022b,サービス場面関係,7,T020_022b,138,0.014492753623188406,0.2857142857142857,T020_022b,T020,40-44歳,男性,42.0,T020_022b,35-39歳,男性,37.0,older,M→M,40s
T020_022b,IC02_亘理,1,T020_022b,サービス場面関係,7,T020_022b,111,0.009009009009009009,0.14285714285714285,T020_022b,T020_020,35-39歳,男性,37.0,T020_022b,40-44歳,男性,42.0,younger,M→M,30s
T020_022c,IC01_槇原,5,T020_022c,サービス場面関係,8,T020_022c,138,0.036231884057971016,0.625,T020_022c,T020,40-44歳,男性,42.0,T020_022c,35-39歳,男性,37.0,older,M→M,40s
T020_022d,IC01_槇原,13,T020_022d,サービス場面関係,19,T020_022d,315,0.04126984126984127,0.6842105263157895,T020_022d,T020,40-44歳,男性,42.0,T020_022d,35-39歳,男性,37.0,older,M→M,40s
T020_022d,IC02_亘理,1,T020_022d,サービス場面関係,19,T020_022d,275,0.0036363636363636364,0.05263157894736842,T020_022d,T020_020,35-39歳,男性,37.0,T020_022d,40-44歳,男性,42.0,younger,M→M,30s
T021_002,IC01_船戸,30,T021_002,友人知人,20,T021_002,438,0.0684931506849315,1.5,T021_002,T021,65-69歳,女性,67.0,T021_002,60-64歳,女性,62.0,older,F→F,60s
T021_002,IC02_野見山,8,T021_002,友人知人,20,T021_002,532,0.015037593984962405,0.4,T021_002,T021_001,60-64歳,女性,62.0,T021_002,65-69歳,女性,67.0,younger,F→F,60s
T021_003,IC01_船戸,20,T021_003,家族,16,T021_003,369,0.05420054200542006,1.25,T021_003,T021,65-69歳,女性,67.0,T021_003,35-39歳,男性,37.0,older,F→M,60s
T021_003,IC02_邦和,6,T021_003,家族,16,T021_003,505,0.011881188118811881,0.375,T021_003,T021_003,35-39歳,男性,37.0,T021_003,65-69歳,女性,67.0,younger,M→F,30s
T021_005,IC01_船戸,20,T021_005,友人知人,21,T021_005,541,0.036968576709796676,0.9523809523809523,T021_005,T021,65-69歳,女性,67.0,T021_005,45-49歳,女性,47.0,older,F→F,60s
T021_005,IC02_日沢,4,T021_005,友人知人,21,T021_005,459,0.008714596949891068,0.19047619047619047,T021_005,T021_005,45-49歳,女性,47.0,T021_005,65-69歳,女性,67.0,younger,F→F,40s
T021_006,IC01_船戸,26,T021_006,仕事関係,23,T021_006,564,0.04609929078014184,1.1304347826086956,T021_006,T021,65-69歳,女性,67.0,T021_006,50-54歳,男性,52.0,older,F→M,60s
T021_006,IC02_小川,27,T021_006,仕事関係,23,T021_006,534,0.05056179775280899,1.173913043478261,T021_006,T021_014,50-54歳,男性,52.0,T021_006,65-69歳,女性,67.0,younger,M→F,50s
T021_007,IC02_楓夏,2,T021_007,家族,5,T021_007,105,0.01904761904761905,0.4,T021_007,T021_006,10-14歳,女性,12.0,T021_007,65-69歳,女性,67.0,younger,F→F,10s
T021_011a,IC01_船戸,9,T021_011a,サービス場面関係,14,T021_011a,262,0.03435114503816794,0.6428571428571429,T021_011a,T021,65-69歳,女性,67.0,T021_011a,35-39歳,男性,37.0,older,F→M,60s
T021_011a,IC02_十津川,1,T021_011a,サービス場面関係,14,T021_011a,257,0.0038910505836575876,0.07142857142857142,T021_011a,T021_013,35-39歳,男性,37.0,T021_011a,65-69歳,女性,67.0,younger,M→F,30s
T021_011b,IC01_船戸,16,T021_011b,サービス場面関係,12,T021_011b,222,0.07207207207207207,1.3333333333333333,T021_011b,T021,65-69歳,女性,67.0,T021_011b,35-39歳,男性,37.0,older,F→M,60s
T021_011b,IC02_十津川,4,T021_011b,サービス場面関係,12,T021_011b,258,0.015503875968992248,0.3333333333333333,T021_011b,T021_013,35-39歳,男性,37.0,T021_011b,65-69歳,女性,67.0,younger,M→F,30s
T021_014,IC01_船戸,50,T021_014,家族,43,T021_014,616,0.08116883116883117,1.1627906976744187,T021_014,T021,65-69歳,女性,67.0,T021_014,70-74歳,男性,72.0,younger,F→M,60s
T021_014,IC02_治成,5,T021_014,家族,43,T021_014,598,0.008361204013377926,0.11627906976744186,T021_014,T021_002,70-74歳,男性,72.0,T021_014,65-69歳,女性,67.0,older,M→F,70s
T021_015,N10A_船戸,9,T021_015,友人知人,10,T021_015,240,0.0375,0.9,T021_015,T021,65-69歳,女性,67.0,,,,,,,60s
T021_015,N20A_季世恵,6,T021_015,友人知人,10,T021_015,229,0.026200873362445413,0.6,T021_015,T021_015,65-69歳,女性,67.0,,,,,,,60s
T021_016,IC01_船戸,49,T021_016,親戚,38,T021_016,903,0.05426356589147287,1.2894736842105263,T021_016,T021,65-69歳,女性,67.0,T021_016,60-64歳,女性,62.0,older,F→F,60s
T021_016,IC02_春枝,29,T021_016,親戚,38,T021_016,871,0.03329506314580941,0.7631578947368421,T021_016,T021_004,60-64歳,女性,62.0,T021_016,65-69歳,女性,67.0,younger,F→F,60s
T022_003,IC01_雪室,2,T022_003,友人知人,17,T022_003,229,0.008733624454148471,0.11764705882352941,T022_003,T022,25-29歳,男性,27.0,T022_003,20-24歳,女性,22.0,older,M→F,20s
T022_003,IC02_マサ,1,T022_003,友人知人,17,T022_003,262,0.003816793893129771,0.058823529411764705,T022_003,T022_001,20-24歳,女性,22.0,T022_003,25-29歳,男性,27.0,younger,F→M,20s
T022_005,IC01_雪室,6,T022_005,友人知人,16,T022_005,276,0.021739130434782608,0.375,T022_005,T022,25-29歳,男性,27.0,T022_005,20-24歳,女性,22.0,older,M→F,20s
T022_005,IC02_マサ,3,T022_005,友人知人,16,T022_005,255,0.011764705882352941,0.1875,T022_005,T022_001,20-24歳,女性,22.0,T022_005,25-29歳,男性,27.0,younger,F→M,20s
T022_007a,IC01_雪室,12,T022_007a,友人知人,15,T022_007a,280,0.04285714285714286,0.8,T022_007a,T022,25-29歳,男性,27.0,T022_007a,25-29歳,男性,27.0,same,M→M,20s
T022_007a,IC02_こう,12,T022_007a,友人知人,15,T022_007a,314,0.03821656050955414,0.8,T022_007a,T022_005,25-29歳,男性,27.0,T022_007a,25-29歳,男性,27.0,same,M→M,20s
T022_007b,IC01_雪室,17,T022_007b,友人知人,14,T022_007b,265,0.06415094339622641,1.2142857142857142,T022_007b,T022,25-29歳,男性,27.0,T022_007b,25-29歳,男性,27.0,same,M→M,20s
T022_007b,IC02_こう,15,T022_007b,友人知人,14,T022_007b,266,0.05639097744360902,1.0714285714285714,T022_007b,T022_005,25-29歳,男性,27.0,T022_007b,25-29歳,男性,27.0,same,M→M,20s
T022_009,IC01_雪室,2,T022_009,友人知人,33,T022_009,377,0.005305039787798408,0.06060606060606061,T022_009,T022,25-29歳,男性,27.0,T022_009,20-24歳,女性,22.0,older,M→F,20s
T022_009,IC02_マサ,2,T022_009,友人知人,33,T022_009,494,0.004048582995951417,0.06060606060606061,T022_009,T022_001,20-24歳,女性,22.0,T022_009,25-29歳,男性,27.0,younger,F→M,20s
T022_012,IC01_雪室,7,T022_012,友人知人,10,T022_012,197,0.03553299492385787,0.7,T022_012,T022,25-29歳,男性,27.0,,,,,,,20s
T022_012,N10A_しゅん,2,T022_012,友人知人,10,T022_012,200,0.01,0.2,T022_012,T022_010,25-29歳,男性,27.0,,,,,,,20s
T022_015,IC01_雪室,8,T022_015,友人知人,11,T022_015,172,0.046511627906976744,0.7272727272727273,T022_015,T022,25-29歳,男性,27.0,T022_015,30-34歳,男性,32.0,younger,M→M,20s
T022_015,IC02_治之丞,13,T022_015,友人知人,11,T022_015,193,0.06735751295336788,1.1818181818181819,T022_015,T022_011,30-34歳,男性,32.0,T022_015,25-29歳,男性,27.0,older,M→M,30s
T022_017a,IC01_雪室,16,T022_017a,サービス場面関係,16,T022_017a,255,0.06274509803921569,1.0,T022_017a,T022,25-29歳,男性,27.0,T022_017a,45-49歳,男性,47.0,younger,M→M,20s
T022_017a,IC02_風間,2,T022_017a,サービス場面関係,16,T022_017a,352,0.005681818181818182,0.125,T022_017a,T022_012,45-49歳,男性,47.0,T022_017a,25-29歳,男性,27.0,older,M→M,40s
T022_017b,IC01_雪室,11,T022_017b,サービス場面関係,9,T022_017b,145,0.07586206896551724,1.2222222222222223,T022_017b,T022,25-29歳,男性,27.0,T022_017b,45-49歳,男性,47.0,younger,M→M,20s
T022_017b,IC02_風間,1,T022_017b,サービス場面関係,9,T022_017b,217,0.004608294930875576,0.1111111111111111,T022_017b,T022_012,45-49歳,男性,47.0,T022_017b,25-29歳,男性,27.0,older,M→M,40s
T023_001,IC01_指田,4,T023_001,家族,21,T023_001,340,0.011764705882352941,0.19047619047619047,T023_001,T023,60-64歳,男性,62.0,T023_001,55-59歳,女性,57.0,older,M→F,60s
T023_001,IC02_紀子,71,T023_001,家族,21,T023_001,430,0.16511627906976745,3.380952380952381,T023_001,T023_001,55-59歳,女性,57.0,T023_001,60-64歳,男性,62.0,younger,F→M,50s
T023_007,IC01_指田,17,T023_007,友人知人,25,T023_007,414,0.04106280193236715,0.68,T023_007,T023,60-64歳,男性,62.0,T023_007,70-74歳,男性,72.0,younger,M→M,60s
T023_007,IC04_宮部,28,T023_007,友人知人,25,T023_007,295,0.09491525423728814,1.12,T023_007,T023_011,70-74歳,男性,72.0,T023_007,60-64歳,男性,62.0,older,M→M,70s
T023_013,IC01_指田,24,T023_013,家族,16,T023_013,322,0.07453416149068323,1.5,T023_013,T023,60-64歳,男性,62.0,T023_013,55-59歳,女性,57.0,older,M→F,60s
T023_013,IC02_紀子,25,T023_013,家族,16,T023_013,517,0.048355899419729204,1.5625,T023_013,T023_001,55-59歳,女性,57.0,T023_013,60-64歳,男性,62.0,younger,F→M,50s
T023_017,IC01_指田,17,T023_017,元同僚,22,T023_017,348,0.04885057471264368,0.7727272727272727,T023_017,T023,60-64歳,男性,62.0,T023_017,45-49歳,男性,47.0,older,M→M,60s
T023_017,IC04_笠松,15,T023_017,元同僚,22,T023_017,303,0.04950495049504951,0.6818181818181818,T023_017,T023_020,45-49歳,男性,47.0,T023_017,60-64歳,男性,62.0,younger,M→M,40s
T023_020,IC01_指田,34,T023_020,友人知人,21,T023_020,441,0.07709750566893424,1.619047619047619,T023_020,T023,60-64歳,男性,62.0,T023_020,60-64歳,男性,62.0,same,M→M,60s
T023_020,IC04_伊吹,40,T023_020,友人知人,21,T023_020,396,0.10101010101010101,1.9047619047619047,T023_020,T023_022,60-64歳,男性,62.0,T023_020,60-64歳,男性,62.0,same,M→M,60s
T024_008,IC01_堂島,12,T024_008,同僚,37,T024_008,731,0.016415868673050615,0.32432432432432434,T024_008,T024,55-59歳,男性,57.0,T024_008,55-59歳,男性,57.0,same,M→M,50s
T024_008,IC02_町田,94,T024_008,同僚,37,T024_008,777,0.12097812097812098,2.5405405405405403,T024_008,T024_008,55-59歳,男性,57.0,T024_008,55-59歳,男性,57.0,same,M→M,50s
W003_002,IC02_宍戸,1,W003_002,友人知人,8,W003_002,48,0.020833333333333332,0.125,W003_002,W003_002,10-14歳,男性,12.0,W003_002,10-14歳,男性,12.0,same,M→M,10s
W007_002,IC01_白石,15,W007_002,仕事関係,32,W007_002,585,0.02564102564102564,0.46875,W007_002,W007_007,30-34歳,男性,32.0,W007_002,40-44歳,女性,42.0,younger,M→F,30s
W007_002,IC02_一色,8,W007_002,仕事関係,32,W007_002,610,0.013114754098360656,0.25,W007_002,W007_003,40-44歳,女性,42.0,W007_002,30-34歳,男性,32.0,older,F→M,40s
W009_002a,IC01_澄香,1,W009_002a,家族,17,W009_002a,265,0.0037735849056603774,0.058823529411764705,W009_002a,W009_007,15-19歳,女性,17.0,W009_002a,55-59歳,女性,57.0,younger,F→F,10s
W009_002a,IC05_母,5,W009_002a,家族,17,W009_002a,374,0.013368983957219251,0.29411764705882354,W009_002a,W009_001,55-59歳,女性,57.0,W009_002a,15-19歳,女性,17.0,older,F→F,50s
W009_002b,IC01_澄香,6,W009_002b,家族,25,W009_002b,351,0.017094017094017096,0.24,W009_002b,W009_007,15-19歳,女性,17.0,W009_002b,55-59歳,女性,57.0,younger,F→F,10s
W009_002b,IC05_母,10,W009_002b,家族,25,W009_002b,493,0.02028397565922921,0.4,W009_002b,W009_001,55-59歳,女性,57.0,W009_002b,15-19歳,女性,17.0,older,F→F,50s
W010_001a,IC01_堂本,19,W010_001a,仕事関係,35,W010_001a,851,0.022326674500587545,0.5428571428571428,W010_001a,W010_001,30-34歳,男性,32.0,W010_001a,25-29歳,男性,27.0,older,M→M,30s
W010_001a,IC02_新島,34,W010_001a,仕事関係,35,W010_001a,941,0.036131774707757705,0.9714285714285714,W010_001a,W010_002,25-29歳,男性,27.0,W010_001a,30-34歳,男性,32.0,younger,M→M,20s
W010_001b,IC01_堂本,3,W010_001b,仕事関係,13,W010_001b,258,0.011627906976744186,0.23076923076923078,W010_001b,W010_001,30-34歳,男性,32.0,W010_001b,25-29歳,男性,27.0,older,M→M,30s
W010_001b,IC02_新島,4,W010_001b,仕事関係,13,W010_001b,305,0.013114754098360656,0.3076923076923077,W010_001b,W010_002,25-29歳,男性,27.0,W010_001b,30-34歳,男性,32.0,younger,M→M,20s
