会話ID,話者ラベル,total_utterances
C001_001,IC01_玲子,643
C001_001,IC02_夏樹,538
C001_001,IC03_可奈子,291
C001_001,IC04_美沙,872
C001_001,IC05_美香,652
C001_001,Z10A_店員,3
C001_002,IC01_玲子,467
C001_002,IC02_美沙,364
C001_003,IC01_玲子,1010
C001_003,IC02_夏樹,960
C001_004,IC01_玲子,339
C001_004,IC02_辰嶋,341
C001_004,Z10A_店員,7
C001_005,IC04_玲子,220
C001_005,IC05_母,247
C001_006,IC04_玲子,323
C001_006,IC05_母,309
C001_007,IC03_玲子,551
C001_007,IC04_父,292
C001_007,IC05_母,406
C001_012,IC04_辰嶋,548
C001_012,IC05_玲子,692
C001_013,IC04_辰嶋,619
C001_013,IC05_玲子,609
C002_003,IC01_日野,88
C002_003,IC02_智也,85
C002_004,IC01_日野,314
C002_004,IC03_正和,285
C002_005,IC01_日野,130
C002_005,IC02_智也,221
C002_006a,IC01_日野,160
C002_006a,IC02_遥,277
C002_006a,IC03_美佳,349
C002_006a,N101_水野,5
C002_006b,IC01_日野,103
C002_006b,IC02_遥,101
C002_006b,IC03_美佳,132
C002_006b,N101_水野,84
C002_006c,IC01_日野,156
C002_006c,IC02_遥,197
C002_006c,IC03_美佳,260
C002_006c,N101_水野,165
C002_007,IC01_日野,297
C002_007,IC02_智也,186
C002_007,IC03_正和,168
C002_008,IC01_日野,361
C002_008,IC03_正和,344
C002_008,Z101_スタッフ,5
C002_013a,IC01_日野,356
C002_013a,IC02_しげ子,320
C002_013b,IC01_日野,276
C002_013b,IC02_しげ子,268
C002_014a,IC03_山下,50
C002_014a,N10A_日野,121
C002_014a,N20A_加奈子,189
C002_014b,IC03_山下,172
C002_014b,N10A_日野,200
C002_014b,N20A_加奈子,228
C002_015,IC01_日野,1394
C002_015,IC02_依田,1223
C002_015,IC03_小島,1061
C002_016,IC01_日野,773
C002_016,IC02_さくら,852
C002_016,Z10B_店員,22
K001_003a,IC01_萌,442
K001_003a,IC02_玲奈,575
K001_003a,IC03_佐久,412
K001_003b,IC01_萌,586
K001_003b,IC02_玲奈,846
K001_003b,IC03_佐久,684
K001_004,IC01_萌,394
K001_004,IC02_綾子,270
K001_008,IC01_萌,318
K001_008,IC02_郁,270
K001_009,IC01_萌,333
K001_009,IC02_智,282
K001_010,IC01_萌,554
K001_010,IC02_愛子,514
K001_011,IC01_萌,545
K001_011,IC02_奈津子,491
K001_013,IC01_萌,371
K001_013,IC02_佐久,495
K001_013,IC03_いっくん,567
K001_013,Z10A_店員,6
K001_014,IC01_萌,782
K001_014,IC02_奈津子,814
K001_014,Z101_店員,22
K001_016,IC01_萌,669
K001_016,IC02_中根,623
K001_016,IC03_健,115
K001_016,IC04_舞,302
K001_016,N104_沙知,41
K001_017,IC01_萌,715
K001_017,IC02_歩,600
K001_017,Z10A_店員,10
K001_019,IC01_萌,379
K001_019,IC02_千佳,222
K002_003a,IC01_杉田,205
K002_003a,IC02_中沢,205
K002_003b,IC01_杉田,439
K002_003b,IC02_中沢,461
K002_003b,N10A_ケンチャン,1
K002_003b,N20A_沙織,2
K002_004,IC01_杉田,350
K002_004,IC02_川内,356
K002_004,Z101_取引先,14
K002_004,Z201_よっしー,3
K002_007,IC01_杉田,487
K002_007,IC02_沙織,479
K002_010,IC01_杉田,611
K002_010,IC02_優子,554
K002_010,Z10B_店員,13
K002_012,IC01_杉田,568
K002_012,IC02_咲子,678
K002_012,N101_朔也,33
K002_014,IC01_杉田,870
K002_014,IC02_夫,624
K002_014,IC03_朔也,621
K002_014,Z101_スタッフ,25
K002_015,IC01_杉田,300
K002_015,IC02_朔也,164
K002_015,IC03_夫,249
K002_015,N10A_三上,212
K002_016,IC01_杉田,514
K002_016,IC02_三上,537
K002_017,IC01_杉田,299
K002_017,IC02_沙織,150
K002_017,IC03_朔也,265
K002_018,IC01_杉田,427
K002_018,IC02_美鈴,271
K002_018,IC03_はるか,354
K002_018,IC04_三上,466
K002_018,Z10A_店員,10
K003_002a,IC01_詩織,353
K003_002a,IC02_春菜,207
K003_002b,IC01_詩織,53
K003_002b,IC02_春菜,44
K003_002c,IC01_詩織,321
K003_002c,IC02_春菜,263
K003_002d,IC01_詩織,148
K003_002d,IC02_春菜,129
K003_003,IC01_詩織,330
K003_003,IC02_母,381
K003_005,IC01_詩織,1165
K003_005,IC02_あかり,1360
K003_006,IC02_由佳,364
K003_006,IC03_詩織,508
K003_008,IC02_ゆう,703
K003_008,IC03_詩織,561
K003_012a,IC02_さっちー,244
K003_012a,IC03_詩織,209
K003_012a,Z103_店員,3
K003_012b,IC02_さっちー,743
K003_012b,IC03_詩織,712
K003_012b,Z102_店員,2
K003_013a,IC02_母,200
K003_013a,IC03_詩織,373
K003_013a,IC04_父,180
K003_013b,IC02_母,62
K003_013b,IC03_詩織,284
K003_013b,IC04_父,122
K003_014,IC02_母,131
K003_014,IC03_詩織,372
K003_014,IC04_父,263
K003_017,IC02_由佳,539
K003_017,IC03_詩織,345
K004_001,IC01_島村,717
K004_001,IC02_母,974
K004_005,IC05_小島,174
K004_005,N10B_島村,259
K004_005,N20B_翔,18
K004_005,N30B_環奈,34
K004_007,IC01_島村,870
K004_007,IC04_聡太郎,665
K004_008,IC01_島村,845
K004_008,IC05_すみれ,601
K004_008,IC06_はるな,995
K004_010,IC01_島村,206
K004_010,IC02_歯科医,181
K004_010,IC03_助手,169
K004_011,IC01_島村,872
K004_011,IC02_謙三郎,611
K004_012,IC01_島村,468
K004_012,IC02_長門,540
K004_012,IC03_木場,744
K004_012,IC04_恩田,700
K004_012,IC06_磯村,295
K004_013,IC01_島村,259
K004_013,IC02_佐和,644
K004_013,IC03_篠崎,454
K004_013,IC04_米山,600
K004_013,N10A_長尾,234
K004_015,IC01_島村,896
K004_015,IC03_美穂,923
K004_015,N10A_涼,170
K004_015,N20A_真紀,4
K004_015,Z10A_店員,36
K004_017,IC01_島村,297
K004_017,IC02_聡太郎,205
K004_017,IC03_謙三郎,184
K004_017,IC04_悠次郎,270
K004_020,IC01_島村,401
K004_020,IC02_謙三郎,124
K004_020,IC03_悠次郎,82
K004_020,IC04_聡太郎,216
K004_022,IC01_島村,412
K004_022,IC02_聡太郎,226
K004_022,IC03_紀子,502
K004_022,IC04_智明,12
K005_001,IC01_辰雄,515
K005_001,IC02_和代,86
K005_001,IC03_昌美,487
K005_002,IC01_昌美,553
K005_002,IC02_義則,332
K005_003,IC01_昌美,668
K005_003,IC02_和代,200
K005_003,IC03_哲也,343
K005_003,IC04_辰雄,329
K005_005,IC01_昌美,392
K005_005,IC02_律子,230
K005_006,IC01_昌美,456
K005_006,IC02_房,358
K005_012,IC03_和代,420
K005_012,IC04_辰雄,742
K005_012,IC05_房,373
K005_012,IC06_昌美,874
K005_016,IC03_昌美,527
K005_016,IC05_若菜,313
K005_019a,IC03_昌美,23
K005_019a,IC05_哲也,25
K005_019b,IC03_昌美,282
K005_019b,IC05_哲也,174
K005_020,IC03_昌美,549
K005_020,IC05_辰雄,332
K005_021a,IC05_理恵子,125
K005_021a,N10A_昌美,145
K005_021a,N20A_矢恵,53
K005_021a,N30A_敦志,47
K005_021a,Z40A_友人の夫,7
K005_021b,IC05_理恵子,260
K005_021b,N10A_昌美,308
K005_021b,N20A_矢恵,98
K005_021b,N30A_敦志,30
K005_024,N10A_和代,47
K005_024,N20A_昌美,41
K005_024,N30A_辰雄,3
K005_027,IC04_折井,1053
K005_027,IC06_昌美,1242
K005_027,N10A_美穂,1
K005_028,IC04_礼司,456
K005_028,IC06_昌美,576
K005_031,IC03_律子,99
K005_031,IC06_昌美,158
K005_033,IC05_礼司,225
K005_033,IC06_昌美,328
K006_002a,IC01_広子,74
K006_002a,IC02_軽部,98
K006_002b,IC01_広子,87
K006_002b,IC02_軽部,99
K006_003a,IC01_広子,66
K006_003a,IC02_軽部,66
K006_003b,IC01_広子,247
K006_003b,IC02_軽部,247
K006_006,IC01_広子,103
K006_006,IC02_軽部,137
K006_009,IC01_安村,495
K006_009,IC02_広子,666
K006_011,IC01_広子,240
K006_011,IC02_千早,228
K006_011,Z10A_客,2
K006_013,IC01_広子,223
K006_013,IC02_軽部,193
K006_016,IC01_広子,905
K006_016,IC02_美代子,744
K006_017,IC01_広子,818
K006_017,IC02_小林,754
K006_017,IC03_矢沢,511
K006_018,IC01_広子,717
K006_018,IC02_大杉,615
K006_020,IC01_広子,882
K006_020,IC02_静香,866
K006_021,IC01_広子,923
K006_021,IC02_軽部,430
K006_021,IC03_夏目,1024
K006_023,IC01_広子,888
K006_023,IC02_名取,1025
K007_001,IC01_湯本,287
K007_001,IC02_岩城,237
K007_003,IC01_湯本,198
K007_003,N10A_花梨,244
K007_005,IC01_湯本,197
K007_005,IC02_三崎,120
K007_006,IC01_湯本,171
K007_006,IC02_花梨,99
K007_007,IC01_湯本,574
K007_007,IC02_三崎,389
K007_008,IC01_湯本,448
K007_008,IC02_白石,430
K007_008,N10A_花梨,2
K007_013,IC01_湯本,273
K007_013,IC02_花梨,185
K007_014,IC01_湯本,166
K007_014,IC02_花梨,111
K007_015,IC01_湯本,863
K007_015,IC02_花梨,683
K007_016,IC01_湯本,355
K007_016,IC02_笹川,224
K007_016,Z101_学生,15
K007_017,IC01_湯本,451
K007_017,IC02_花梨,295
K007_018,IC01_湯本,446
K007_018,IC02_三崎,238
K007_018,IC03_佐伯,437
K007_018,IC04_相原,101
K007_018,IC05_蓮,20
K007_018,IC06_笹川,170
K007_018,N10A_樋口,17
K007_019,IC01_湯本,234
K007_019,IC02_三崎,202
K007_019,IC03_相原,198
K007_020,IC01_湯本,375
K007_020,IC02_土屋,361
K008_001a,IC01_深石,110
K008_001a,IC02_鶴賀,138
K008_001a,IC03_久美,98
K008_001b,IC01_深石,84
K008_001b,IC02_鶴賀,115
K008_001b,IC03_久美,74
K008_002,IC01_久美,109
K008_002,N10A_義母,52
K008_003,IC01_久美,79
K008_003,IC02_和則,55
K008_004a,IC01_久美,99
K008_004a,IC02_栗木,75
K008_004b,IC01_久美,900
K008_004b,IC02_栗木,985
K008_004b,Z10A_業者,7
K008_004b,Z20A_業者,3
K008_005,IC01_久美,366
K008_005,IC02_母,443
K008_005,N101_父,6
K008_010,IC01_久美,266
K008_010,IC02_美和子,305
K008_010,Z10A_店員,3
K008_013,IC01_久美,127
K008_013,IC02_和則,164
K008_013,Z102_スタッフ,3
K008_015,IC01_久美,1025
K008_015,IC02_道枝,1116
K008_015,Z101_店員,32
K008_015,Z201_店員,4
K008_016,IC01_久美,1277
K008_016,IC02_理代子,1151
K008_016,Z10A_店員,59
K008_019,IC01_久美,159
K008_019,IC02_父,123
K008_019,IC03_母,224
K008_019,IC04_和則,152
K009_002,IC01_美乃梨,564
K009_002,IC02_登美男,227
K009_002,IC03_紀世子,599
K009_003,IC01_美乃梨,632
K009_003,IC02_登美男,454
K009_003,IC03_紀世子,968
K009_006,IC01_美乃梨,309
K009_006,IC02_紀世子,345
K009_006,IC03_トシ子,169
K009_006,IC04_他吉,157
K009_006,IC05_治和,296
K009_007,IC01_美乃梨,339
K009_007,IC02_尚美,276
K009_008,IC01_美乃梨,249
K009_008,IC02_登美男,136
K009_008,IC03_紀世子,511
K009_009a,IC01_美乃梨,223
K009_009a,IC02_江袋,54
K009_009a,IC03_山中,10
K009_009a,IC04_田本,8
K009_009a,IC05_今瀬,254
K009_009b,IC01_美乃梨,99
K009_009b,IC02_江袋,28
K009_009b,IC03_山中,23
K009_009b,IC04_田本,96
K009_009b,IC05_今瀬,171
K009_009b,N101_郷田,53
K009_009b,N20A_井ノ部,16
K009_009b,N30A_岩瀬,69
K009_010,IC01_美乃梨,45
K009_010,IC02_会沢,67
K009_010,IC03_加藤,15
K009_011,IC01_美乃梨,187
K009_011,IC02_紀世子,301
K009_011,IC03_トシ子,97
K009_011,IC04_他吉,176
K009_012,IC01_美乃梨,634
K009_012,IC02_紀世子,1022
K009_012,IC03_キミ子,594
K009_012,IC04_雅代,440
K009_014,IC01_美乃梨,248
K009_014,IC02_神田,121
K009_014,IC03_会沢,13
K009_015,IC01_美乃梨,122
K009_015,IC02_江袋,65
K009_015,IC03_友澤,90
K009_015,IC05_奥島,82
K009_015,IC06_岩瀬,156
K009_015,N10A_山中,5
K009_016a,IC01_美乃梨,208
K009_016a,IC02_紀世子,263
K009_016a,IC03_つや子,306
K009_016a,IC04_八重子,140
K009_016b,IC01_美乃梨,166
K009_016b,IC02_紀世子,245
K009_016b,IC03_つや子,235
K009_016b,IC04_八重子,216
K009_019,IC01_美乃梨,247
K009_019,IC02_江袋,393
K009_019,IC03_友澤,328
K009_019,IC04_田本,400
K009_019,IC05_岩瀬,397
K009_019,IC06_会沢,190
K009_019,Z10A_店員,19
K010_001,IC01_樫田,308
K010_001,IC02_妻,808
K010_001,IC03_紗矢,677
K010_003a,IC01_樫田,210
K010_003a,N10A_早瀬,219
K010_003b,IC01_樫田,35
K010_003b,N10A_早瀬,43
K010_004a,IC01_樫田,87
K010_004a,N10A_広岡,112
K010_004b,IC01_樫田,292
K010_004b,N10A_広岡,392
K010_005a,IC01_樫田,216
K010_005a,IC03_岸尾,206
K010_005a,Z10A_店員,4
K010_005b,IC01_樫田,202
K010_005b,IC03_岸尾,218
K010_005b,Z10A_店員,2
K010_006,IC01_樫田,139
K010_006,IC03_杉村,128
K010_008,IC01_樫田,97
K010_008,IC02_弟,134
K010_011a,IC01_樫田,216
K010_011a,IC03_岸辺,421
K010_011a,IC04_森脇,124
K010_011b,IC01_樫田,78
K010_011b,IC04_森脇,75
K010_012a,IC01_樫田,50
K010_012a,IC02_経塚,107
K010_012a,IC04_杉村,39
K010_012a,Z10B_店員,2
K010_012b,IC01_樫田,54
K010_012b,IC02_経塚,83
K010_012b,IC04_杉村,40
K010_013a,IC01_樫田,163
K010_013a,IC03_高倉,208
K010_013b,IC01_樫田,136
K010_013b,IC03_高倉,161
K010_015,IC01_樫田,183
K010_015,IC02_早瀬,360
K010_015,IC03_大沢,173
K010_015,IC04_村井,110
K010_016,IC01_樫田,287
K010_016,IC03_紗矢,582
K010_016,IC04_妻,653
K010_017,IC01_樫田,85
K010_017,IC03_妻,260
K011_002,IC01_川原,393
K011_002,IC02_木内,234
K011_002,IC03_達也,276
K011_002,IC04_凛,48
K011_004,IC01_川原,469
K011_004,IC02_幹也,282
K011_004,IC03_健斗,355
K011_004,IC04_駿介,227
K011_005,IC01_川原,1079
K011_005,IC02_内海,1247
K011_007,IC01_川原,583
K011_007,IC02_藤井,440
K011_007,IC03_小森,399
K011_007,Z10B_店員,3
K011_009a,IC01_川原,231
K011_009a,IC02_寺島,243
K011_009b,IC01_川原,285
K011_009b,IC02_寺島,318
K011_015,IC01_川原,1038
K011_015,IC02_幹也,1030
K011_015,IC03_駿介,1297
K011_016a,IC01_川原,386
K011_016a,IC02_志村,624
K011_016a,IC03_美代子,339
K011_016a,N10A_井上,183
K011_016b,IC01_川原,450
K011_016b,IC02_志村,549
K011_016b,IC03_美代子,122
K011_016b,N10A_井上,308
K011_018,IC01_川原,395
K011_018,IC02_香澄,160
K011_018,IC03_美佳子,207
K011_019a,IC01_川原,76
K011_019a,IC02_香澄,57
K011_019a,IC03_美佳子,34
K011_019b,IC01_川原,145
K011_019b,IC02_香澄,98
K011_019b,IC03_美佳子,49
K012_001,IC01_平沢,362
K012_001,IC02_葉山,648
K012_002a,IC01_平沢,67
K012_002a,IC02_津島,74
K012_002b,IC01_平沢,146
K012_002b,IC02_津島,167
K012_002c,IC01_平沢,306
K012_002c,IC02_津島,318
K012_002d,IC01_平沢,227
K012_002d,IC02_津島,229
K012_003a,IC01_平沢,48
K012_003a,IC02_竹太郎,27
K012_003b,IC01_平沢,54
K012_003b,IC02_竹太郎,45
K012_003c,IC01_平沢,66
K012_003c,IC02_竹太郎,8
K012_003c,IC03_由紀子,55
K012_004,IC01_平沢,1160
K012_004,IC02_竹太郎,812
K012_004,IC03_志麻子,1493
K012_006,IC01_平沢,278
K012_006,IC06_竹太郎,237
K012_007a,IC01_平沢,271
K012_007a,IC02_竹太郎,231
K012_007b,IC01_平沢,127
K012_007b,N10A_竹太郎,136
K013_003,IC01_雪江,858
K013_003,IC03_鞠江,747
K013_003,IC05_祖母,723
K013_004,IC01_雪江,659
K013_004,IC02_俊夫,618
K013_009,IC01_雪江,525
K013_009,IC02_奈々恵,572
K013_009,IC03_鞠江,412
K013_009,N10A_祖母,75
K013_011,IC01_雪江,1071
K013_011,IC02_奈々恵,1116
K013_011,IC03_鞠江,945
K013_011,IC04_母,1006
K013_012,IC01_雪江,785
K013_012,IC06_俊夫,750
K013_017,IC01_雪江,263
K013_017,IC06_俊夫,258
K013_019,IC01_雪江,1254
K013_019,IC02_祖母,1124
K013_020,IC01_雪江,646
K013_020,IC02_俊夫,710
K013_020,IC03_文也,477
K013_020,IC04_釣部,475
S001_004,IC01_健,238
S001_004,IC02_小沢,539
S001_004,IC03_大柴,497
S001_004,IC04_園部,276
S001_004,IC05_沙矢子,267
S001_004,IC06_ななえ,562
S001_004,N101_翔子,212
S001_006,IC01_健,438
S001_006,IC02_淳,433
S001_006,IC03_千紘,492
S001_006,IC04_翔子,379
S001_011,IC01_健,452
S001_011,IC02_翔子,672
S001_011,N101_舞,11
S001_012,IC01_健,181
S001_012,IC02_舞,254
S001_012,IC03_智之,211
S001_012,IC04_康明,360
S001_012,IC05_静香,306
S001_012,N10A_翔子,220
S001_013,IC01_健,154
S001_013,IC02_翔子,269
S001_015,IC01_健,419
S001_015,IC02_康明,640
S001_015,IC03_静香,472
S001_015,IC04_翔子,485
S001_017,IC01_健,385
S001_017,IC02_戸倉,296
S001_017,IC03_真下,581
S001_017,IC04_能勢,501
S001_017,IC05_康明,227
S001_017,IC06_静香,280
S001_017,N106_翔子,147
S001_018,IC01_健,520
S001_018,IC02_園部,760
S001_018,IC03_堀江,625
S001_019,IC01_健,165
S001_019,IC02_落合,400
S001_019,IC03_翔子,246
S002_001,IC01_山口,301
S002_001,IC02_慎,232
S002_001,IC03_真理子,178
S002_001,IC04_美香,136
S002_001,Z102_店員,7
S002_003,IC01_山口,214
S002_003,IC02_鶴,101
S002_003,IC03_貞,138
S002_004,IC01_山口,1336
S002_004,IC02_貞,877
S002_004,IC03_慎,1103
S002_004,Z103_店員,2
S002_004,Z203_店員,20
S002_005,IC01_山口,578
S002_005,IC02_黒岩,625
S002_007,IC01_山口,874
S002_007,IC02_長友,708
S002_007,IC03_野々山,563
S002_007,IC04_大塚,570
S002_007,IC05_迫,316
S002_007,Z105_店員,55
S002_008,IC01_山口,627
S002_008,IC02_石川,542
S002_008,IC03_渋沢,337
S002_009,IC01_山口,376
S002_009,IC02_バルサン,289
S002_009,IC03_吉田,120
S002_009,Z10A_店員,27
S002_010,IC01_山口,359
S002_010,IC02_美香,92
S002_010,IC03_貞,137
S002_010,IC04_仁井,292
S002_010,IC05_木村,90
S002_010,IC06_うらら,169
S002_010,N10A_鶴,61
S002_010,Z10A_店員,9
S002_011,IC01_山口,167
S002_011,IC02_健一,138
S002_011,IC03_神沢,99
S002_011,IC04_深澤,119
S002_011,Z10B_店員,6
S002_012,IC01_山口,551
S002_012,IC02_美香,483
S002_012,Z101_店員,17
S002_012,Z201_店員,3
S002_014,IC01_山口,1210
S002_014,IC02_圭,992
T001_002,IC01_優香,989
T001_002,IC02_広瀬,691
T001_003,IC01_林,1128
T001_003,IC02_広瀬,994
T001_003,Z10A_店員,11
T001_003,Z20A_店員,12
T001_005,IC01_徳,149
T001_005,IC02_広瀬,126
T001_007,IC02_優香,477
T001_007,IC03_広瀬,243
T001_008,IC02_吉川,282
T001_008,IC03_広瀬,263
T001_009,IC02_義母,430
T001_009,IC03_優香,140
T001_009,IC04_広瀬,244
T001_011,IC02_洋平,370
T001_011,IC03_千秋,622
T001_011,IC04_優香,685
T001_011,IC05_広瀬,627
T001_014,IC02_師匠,811
T001_014,IC03_奥村,640
T001_014,IC04_広瀬,584
T001_014,Z102_店員,8
T001_014,Z202_店員,6
T001_015,IC02_徳,128
T001_015,IC03_広瀬,129
T001_015,Z10B_店員,12
T001_015,Z20B_店員,11
T001_016,IC02_杉江,127
T001_016,IC03_広瀬,121
T001_016,Z10B_店員,3
T001_019,IC02_義母,953
T001_019,IC03_優香,734
T001_019,IC04_広瀬,698
T002_006a,IC01_直也,217
T002_006a,IC02_塚田,147
T002_006a,IC03_聡美,185
T002_006b,IC01_直也,40
T002_006b,IC02_塚田,79
T002_006b,IC03_聡美,75
T002_006c,IC01_直也,412
T002_006c,IC02_塚田,427
T002_006c,IC03_聡美,324
T002_011a,IC01_直也,166
T002_011a,IC02_玲子,129
T002_011b,IC01_直也,136
T002_011b,IC02_玲子,135
T002_011c,IC01_直也,468
T002_011c,IC02_玲子,495
T002_012,IC01_直也,468
T002_012,IC02_母,532
T002_013,IC01_直也,1174
T002_013,IC02_高柳,814
T002_013,Z10A_店員,27
T002_014,IC01_直也,131
T002_014,IC02_綾音,179
T002_014,IC03_チヒ,147
T002_014,Z10B_店員,25
T002_015,IC01_直也,778
T002_015,IC02_由美子,702
T002_015,Z10A_店員,3
T002_018,IC01_直也,216
T002_018,IC02_綾音,176
T002_019,IC01_直也,343
T002_019,IC02_高柳,274
T002_020,IC01_直也,755
T002_020,IC02_みっちー,691
T002_020,IC03_永井,1078
T003_001,IC01_由美,151
T003_001,IC02_拓人,81
T003_001,IC03_大和,182
T003_002,IC01_由美,278
T003_002,IC02_拓人,385
T003_002,IC03_大和,282
T003_002,IC04_パパ,532
T003_003,IC01_由美,986
T003_003,IC02_牧野,1306
T003_003,Z10A_店員,1
T003_004,IC01_由美,548
T003_004,IC02_美希,294
T003_004,IC03_陽菜,565
T003_006,IC01_由美,316
T003_006,IC02_義父,251
T003_006,IC03_義母,743
T003_006,IC04_義弟,368
T003_006,IC05_パパ,234
T003_007,IC01_由美,392
T003_007,IC02_義父,121
T003_007,IC03_義母,537
T003_007,IC04_義弟,247
T003_007,IC05_パパ,157
T003_012,IC01_由美,304
T003_012,IC02_パパ,168
T003_012,IC03_拓人,147
T003_012,IC04_大和,186
T003_012,Z103_スタッフ,11
T003_012,Z202_スタッフ,9
T003_015,IC01_由美,489
T003_015,IC02_パパ,587
T003_015,IC03_拓人,186
T003_015,IC04_大和,536
T003_015,N10A_母,126
T003_017,IC01_由美,308
T003_017,IC02_美鈴,270
T003_017,IC03_加代子,127
T003_017,IC04_千夏,307
T003_017,IC05_知世,324
T003_018,IC01_由美,214
T003_018,IC02_パパ,222
T003_018,IC03_拓人,214
T003_018,IC04_大和,342
T003_019,IC01_由美,75
T003_019,IC02_パパ,30
T003_019,IC03_拓人,46
T003_019,IC04_大和,54
T003_021,IC01_由美,391
T003_021,IC02_紀子,527
T003_021,IC03_晴美,441
T003_021,IC04_綾子,433
T003_021,IC05_尚子,378
T004_001,IC01_一ノ宮,409
T004_001,IC02_パパ,220
T004_001,IC03_さとし,372
T004_002,IC01_早紀,468
T004_002,IC02_由香里,437
T004_002,IC03_成田,70
T004_002,IC04_一ノ宮,530
T004_003,IC01_一ノ宮,932
T004_003,IC02_パパ,361
T004_003,IC03_さとし,571
T004_003,N10A_酒井,257
T004_003,Z10A_かっちゃん,89
T004_005a,IC02_一ノ宮,164
T004_005a,IC03_遠藤,101
T004_005a,IC04_内田,51
T004_005a,IC05_内田妻,126
T004_005b,IC02_一ノ宮,350
T004_005b,IC03_遠藤,364
T004_005b,IC04_内田,124
T004_005b,IC05_内田妻,319
T004_006,IC01_一ノ宮,348
T004_006,IC02_中森,427
T004_010a,IC01_一ノ宮,153
T004_010a,IC02_はるか,167
T004_010a,IC03_由里子,96
T004_010a,IC04_青井,124
T004_010a,IC05_ゆかり,65
T004_010a,IC06_中ちゃん,164
T004_010b,IC01_一ノ宮,227
T004_010b,IC02_はるか,316
T004_010b,IC03_由里子,235
T004_010b,IC04_青井,252
T004_010b,IC05_ゆかり,100
T004_010b,IC06_中ちゃん,306
T004_011,IC01_一ノ宮,221
T004_011,IC02_里子,231
T004_011,IC03_みこ,346
T004_011,IC04_あっこ,180
T004_011,IC06_洋子,156
T004_011,Z101_女性,5
T004_013,IC01_一ノ宮,580
T004_013,IC02_松下,514
T004_013,IC03_飯塚,207
T004_013,IC04_田代,313
T004_013,IC05_岩崎,466
T004_014,IC01_一ノ宮,448
T004_014,IC02_塚田,209
T004_014,IC03_戸部,282
T004_014,IC04_水谷,417
T004_016,IC05_パパ,222
T004_016,IC06_一ノ宮,222
T004_017,IC01_一ノ宮,241
T004_017,IC02_佐々木,271
T004_017,IC03_土井,148
T004_017,IC04_佐久間,85
T004_017,IC05_落合,11
T004_017,IC06_岩瀬,57
T004_017,IC07_塚田,113
T005_001,IC01_石橋,18
T005_001,IC02_新井,77
T005_001,IC03_服部,231
T005_001,IC04_亀山,436
T005_001,IC05_片山,264
T005_001,IC06_星野,203
T005_001,IC07_永井,217
T005_001,IC08_小池,226
T005_002,IC01_永井,93
T005_002,IC02_まみこ,83
T005_002,IC03_かお,67
T005_004,IC01_和田,56
T005_004,IC02_日野,49
T005_004,IC03_山中,30
T005_004,IC04_藤田,48
T005_004,IC05_山岡,40
T005_004,IC06_宮沢,45
T005_004,IC07_松山,72
T005_004,IC08_辻本,70
T005_004,IC09_永井,39
T005_005,IC01_本田,321
T005_005,IC02_江口しげ子,43
T005_005,IC03_江口正和,134
T005_005,IC04_玉塚,132
T005_005,IC05_川田,16
T005_005,IC06_永井,189
T005_005,Z106_店員,4
T005_006,IC01_長谷川,1080
T005_006,IC02_まみこ,963
T005_006,IC03_永井,896
T005_007,IC01_雅弘,38
T005_007,IC02_ゆかり,1086
T005_007,IC03_まさ,543
T005_007,IC04_あき,818
T005_007,IC05_まみこ,933
T005_007,IC06_かお,385
T005_007,IC07_永井,799
T005_007,Z102_姉,1
T005_008,IC01_中田,369
T005_008,IC02_岡村,536
T005_008,IC03_永井,501
T005_008,Z101_店員,11
T005_008,Z202_店員,11
T005_009,IC01_坂口靖夫,212
T005_009,IC02_植村,200
T005_009,IC03_今村,147
T005_009,IC04_安井,145
T005_009,IC05_坂口正明,92
T005_009,IC06_永野,117
T005_009,IC07_岡部,146
T005_009,IC08_中山,89
T005_009,IC09_島村,213
T005_009,IC10_三上,231
T005_009,IC11_遠藤,210
T005_009,IC12_永井,173
T005_010,IC01_なおき,6
T005_010,IC02_平川,557
T005_010,IC03_西原,518
T005_010,IC04_高橋,534
T005_010,IC05_須田,394
T005_010,IC06_永井,364
T005_010,IC07_あさこ,278
T005_010,Z10A_店員,34
T005_011a,IC01_新井,263
T005_011a,IC02_亀山,312
T005_011a,IC03_永井,272
T005_011a,Z10A_店員,8
T005_011a,Z20A_店員,2
T005_011b,IC01_新井,133
T005_011b,IC02_亀山,160
T005_011b,IC03_永井,101
T005_011b,Z10A_店員,6
T005_012,IC01_有村,197
T005_012,IC02_上田,394
T005_012,IC03_永井,216
T005_012,Z101_店員,16
T005_012,Z201_店員,2
T005_013,IC01_石橋,340
T005_013,IC02_横田,533
T005_013,IC03_山川,36
T005_013,IC04_飯島,35
T005_013,IC05_松浦,209
T005_013,IC06_下村,181
T005_013,IC07_須藤,119
T005_013,IC08_三好,213
T005_013,IC09_酒井,163
T005_013,IC10_金子,78
T005_013,IC11_永井,270
T005_013,IC12_川崎,15
T005_013,IC13_大野,93
T005_013,IC14_篠原,16
T005_013,IC15_宮川,10
T005_019,IC01_石橋,200
T005_019,IC02_横田,130
T005_019,IC03_山川,22
T005_019,IC05_飯島,7
T005_019,IC06_松浦,149
T005_019,IC07_下村,113
T005_019,IC08_須藤,104
T005_019,IC09_三好,136
T005_019,IC10_酒井,47
T005_019,IC11_金子,77
T005_019,IC12_永井,44
T005_019,IC13_川崎,76
T005_019,IC14_大野,16
T006_001,IC01_尾形,479
T006_001,IC02_坂上,611
T006_002,IC01_尾形,1153
T006_002,IC02_富永,691
T006_002,IC03_青木,1150
T006_003,IC01_尾形,237
T006_003,IC02_根本,222
T006_003,Z10A_店員,8
T006_004,IC01_尾形,892
T006_004,IC02_富永,254
T006_004,IC03_青木,994
T006_004,IC04_関本,544
T006_004,IC05_杉山,404
T006_004,Z104_店員,64
T006_004,Z204_店員,15
T006_005,IC01_尾形,742
T006_005,IC02_坂本,579
T006_006a,IC01_尾形,426
T006_006a,IC02_ほっさん,475
T006_006a,IC03_菊池,267
T006_006b,IC01_尾形,316
T006_006b,IC02_ほっさん,372
T006_006b,IC03_菊池,472
T006_008a,IC01_尾形,322
T006_008a,IC02_古賀,372
T006_008a,IC03_金子,362
T006_008a,IC04_浜田,509
T006_008a,Z104_店員,21
T006_008a,Z204_店員,47
T006_008b,IC01_尾形,89
T006_008b,IC02_古賀,54
T006_008b,IC03_金子,99
T006_008b,IC04_浜田,169
T006_009,IC01_尾形,362
T006_009,IC02_根本,340
T006_009,Z10A_店員,4
T007_004,IC01_塚田,393
T007_004,IC02_誠,664
T007_005a,IC02_秀夫,419
T007_005a,IC03_節子,820
T007_005a,N10A_塚田,526
T007_005b,IC02_秀夫,299
T007_005b,IC03_節子,742
T007_005b,N10A_塚田,430
T007_006,IC01_塚田,271
T007_006,IC03_誠,301
T007_006,IC04_佳代,494
T007_007,IC01_塚田,289
T007_007,IC02_渋谷,187
T007_007,IC03_小山,543
T007_007,IC04_清水,345
T007_007,IC05_栗山,487
T007_007,IC06_宇野,298
T007_007,IC07_青木,205
T007_007,IC08_田辺,107
T007_007,N105_栗山娘,86
T007_009,IC01_塚田,835
T007_009,IC02_平賀,1597
T007_010,IC01_塚田,119
T007_010,IC04_芳恵,222
T007_014a,IC01_塚田,223
T007_014a,IC02_芳恵,190
T007_014a,IC03_野口,370
T007_014a,IC04_ゆづき,304
T007_014a,N10A_おかみ,8
T007_014b,IC01_塚田,78
T007_014b,IC02_芳恵,98
T007_014b,IC03_野口,99
T007_014b,IC04_ゆづき,132
T007_014b,N10A_おかみ,7
T007_014c,IC01_塚田,97
T007_014c,IC02_芳恵,49
T007_014c,IC03_野口,122
T007_014c,IC04_ゆづき,186
T007_014c,N10A_おかみ,3
T007_015,IC01_塚田,564
T007_015,IC02_野口,522
T007_015,IC03_ゆづき,596
T007_016a,IC01_塚田,275
T007_016a,IC02_鬼頭,378
T007_016b,IC01_塚田,307
T007_016b,IC02_鬼頭,499
T007_017,IC01_塚田,458
T007_017,IC02_小山,589
T007_017,IC03_清水,473
T007_017,IC04_青木,292
T008_003,IC01_彩香,204
T008_003,IC02_康明,151
T008_004,IC01_彩香,203
T008_004,IC02_康明,130
T008_005a,IC01_彩香,165
T008_005a,IC03_秀夫,148
T008_005b,IC01_彩香,185
T008_005b,IC03_秀夫,186
T008_005c,IC01_彩香,125
T008_005c,IC03_秀夫,121
T008_006,IC01_彩香,66
T008_006,IC02_康明,59
T008_006,IC03_忍,58
T008_006,IC04_昌弘,144
T008_006,IC05_佐穂,53
T008_006,IC06_智生,205
T008_006,Z106_店員,3
T008_008,IC01_彩香,240
T008_008,IC03_母,312
T008_009,IC01_彩香,276
T008_009,IC02_康明,183
T008_010,IC01_彩香,363
T008_010,IC03_恒也,482
T008_010,Z10B_店員,7
T008_011,IC01_彩香,177
T008_011,IC03_秀夫,153
T008_013,IC01_彩香,342
T008_013,IC02_康明,212
T008_014a,IC01_彩香,123
T008_014a,IC03_守江,143
T008_014b,IC01_彩香,414
T008_014b,IC03_守江,482
T008_017a,IC01_彩香,235
T008_017a,IC03_春菜,334
T008_017a,IC04_琢巳,128
T008_017b,IC01_彩香,343
T008_017b,IC03_春菜,427
T008_017b,IC04_琢巳,108
T008_019a,IC01_彩香,165
T008_019a,IC05_江尻,238
T008_019b,IC01_彩香,585
T008_019b,IC05_江尻,807
T008_020,IC01_彩香,134
T008_020,IC02_康明,129
T008_021,IC01_彩香,266
T008_021,IC05_母,343
T008_022a,IC01_彩香,215
T008_022a,IC06_さとる,230
T008_022b,IC01_彩香,44
T008_022b,IC06_さとる,39
T008_022c,IC01_彩香,130
T008_022c,IC06_さとる,163
T009_001,IC01_安藤,454
T009_001,IC02_早苗,522
T009_002,IC01_安藤,166
T009_002,IC02_桃子,231
T009_003,IC01_安藤,430
T009_003,IC02_俊明,279
T009_003,Z10A_店員,22
T009_004,IC01_安藤,197
T009_004,IC02_古川,149
T009_004,IC03_片山,97
T009_004,IC04_松尾,135
T009_004,IC05_浅野,307
T009_005a,IC01_安藤,114
T009_005a,IC02_柚本,129
T009_005b,IC01_安藤,43
T009_005b,IC02_柚本,84
T009_006,IC01_安藤,211
T009_006,IC02_早川,150
T009_006,IC03_笹岡,84
T009_006,IC04_富永,334
T009_006,IC05_竹中,120
T009_006,IC06_望月,80
T009_006,IC07_須藤,44
T009_006,IC08_根本,88
T009_006,IC09_広瀬,186
T009_008a,IC01_安藤,87
T009_008a,IC02_早川,157
T009_008a,IC03_笹岡,74
T009_008a,IC04_富永,169
T009_008a,IC05_竹中,99
T009_008a,IC06_望月,124
T009_008a,IC07_根本,146
T009_008a,IC08_須藤,144
T009_008a,IC09_広瀬,344
T009_008b,IC01_安藤,96
T009_008b,IC02_早川,136
T009_008b,IC03_笹岡,67
T009_008b,IC04_富永,142
T009_008b,IC05_竹中,113
T009_008b,IC06_望月,141
T009_008b,IC07_根本,126
T009_008b,IC08_須藤,106
T009_008b,IC09_広瀬,188
T009_010,IC01_安藤,252
T009_010,IC02_圭吾,208
T009_010,IC03_桃子,339
T009_010,IC04_早苗,354
T009_011a,IC01_安藤,194
T009_011a,IC02_古川,169
T009_011a,IC03_松尾,165
T009_011a,IC04_片山,180
T009_011a,Z10A_店員,12
T009_011b,IC01_安藤,70
T009_011b,IC02_古川,45
T009_011b,IC03_松尾,35
T009_011b,IC04_片山,70
T009_014a,IC01_安藤,111
T009_014a,IC02_俊明,53
T009_014a,IC03_柚本,113
T009_014a,IC04_秀太,169
T009_014b,IC01_安藤,178
T009_014b,IC02_俊明,57
T009_014b,IC03_柚本,245
T009_014b,IC04_秀太,262
T009_014b,Z10B_店員,12
T009_015,IC01_安藤,316
T009_015,IC02_桃子,359
T009_015,Z10B_店員,18
T009_017,IC01_安藤,476
T009_017,IC02_俊明,407
T009_018,IC01_安藤,212
T009_018,IC02_圭吾,159
T009_018,N10A_桃子,95
T009_020,IC01_安藤,300
T009_020,IC02_桃子,326
T009_020,IC03_圭吾,201
T009_020,IC04_早苗,559
T009_020,IC05_圭一,210
T009_020,IC06_鈴子,213
T009_021a,IC01_安藤,184
T009_021a,IC02_若菜,209
T009_021b,IC01_安藤,532
T009_021b,IC02_若菜,544
T009_022,IC01_安藤,386
T009_022,IC02_岩本,669
T009_022,Z101_店長,4
T009_022,Z201_客,13
T009_022,Z302_客,9
T010_002a,IC01_徹,292
T010_002a,IC02_サブ,325
T010_002b,IC01_徹,317
T010_002b,IC02_サブ,331
T010_003,IC01_徹,670
T010_003,IC02_サブ,507
T010_003,IC03_准,591
T010_004,IC01_徹,619
T010_004,IC02_大場,759
T010_004,IC03_龍之介,451
T010_005,IC01_徹,1060
T010_005,IC02_辺見,1216
T010_006a,IC01_徹,259
T010_006a,IC02_そう,82
T010_006a,IC03_准,189
T010_006a,IC04_サブ,212
T010_006b,IC01_徹,81
T010_006b,IC02_そう,50
T010_006b,IC03_准,65
T010_006b,IC04_サブ,98
T010_007,IC01_徹,295
T010_007,IC02_大槻,213
T010_007,Z102_店員,4
T010_007,Z202_店員,3
T010_009,IC01_徹,563
T010_009,IC02_石塚,522
T010_013,IC01_徹,1154
T010_013,IC02_神崎,1182
T011_005,IC01_佐竹,344
T011_005,IC02_パパ,219
T011_005,IC03_清隆,112
T011_005,IC04_翔真,100
T011_007,IC01_佐竹,885
T011_007,IC05_咲乃,557
T011_007,IC06_弓絵,879
T011_007,Z101_店員,8
T011_008,IC01_佐竹,510
T011_008,IC02_パパ,383
T011_008,IC03_清隆,232
T011_008,IC04_翔真,273
T011_009,IC01_佐竹,599
T011_009,IC02_パパ,233
T011_009,IC04_翔真,631
T011_012,IC01_佐竹,445
T011_012,IC02_パパ,389
T011_012,IC03_清隆,356
T011_012,IC04_翔真,124
T011_013,IC01_佐竹,252
T011_013,IC02_パパ,183
T011_013,IC03_清隆,194
T011_013,IC04_翔真,171
T011_014,IC01_佐竹,473
T011_014,IC02_太一,281
T011_014,IC03_良明,74
T011_014,IC04_義父,170
T011_014,IC05_パパ,363
T011_014,IC06_英子,450
T011_014,N10A_義母,106
T011_014,N20A_清隆,60
T011_014,N30A_麻里,3
T011_014,N40A_翔真,28
T011_014,N50A_悠人,43
T011_014,N605_瑠花,110
T011_015,IC01_佐竹,413
T011_015,IC02_パパ,166
T011_015,IC03_清隆,35
T011_015,IC04_翔真,218
T011_017,IC01_佐竹,1083
T011_017,IC02_矢口,809
T011_017,IC03_高木,855
T011_017,IC04_武井,718
T011_017,IC05_小川,808
T011_017,Z10A_店員,62
T011_017,Z20A_店員,3
T011_019,IC01_佐竹,333
T011_019,IC02_早人,111
T011_019,IC03_清隆,121
T011_019,IC04_島田,179
T011_019,Z10A_店員,12
T013_001,IC01_溝口,198
T013_001,IC02_妻,225
T013_003,IC01_溝口,433
T013_003,IC02_妻,393
T013_004,IC01_溝口,955
T013_004,IC02_田辺,984
T013_004,IC03_真由美,1000
T013_004,IC04_内山,704
T013_004,Z10A_同僚,2
T013_005,IC01_溝口,145
T013_005,IC02_妻,163
T013_006,IC01_溝口,98
T013_006,IC02_須賀,49
T013_006,IC03_中島,29
T013_006,IC04_草野,104
T013_006,IC05_石井,114
T013_006,IC06_斉藤,152
T013_007,IC01_溝口,114
T013_007,IC02_妻,64
T013_008,IC01_溝口,172
T013_008,IC03_義母,147
T013_008,IC05_由紀江,125
T013_009,IC01_溝口,73
T013_009,IC03_義母,104
T013_009,IC05_義妹,94
T013_009,IC06_妻,100
T013_013,IC01_溝口,406
T013_013,IC02_田辺,548
T013_013,IC03_真由美,339
T013_013,IC04_内山,277
T013_014a,IC01_溝口,460
T013_014a,IC02_田辺,341
T013_014a,IC03_真由美,244
T013_014a,IC04_内山,106
T013_014a,Z101_店員,26
T013_014a,Z201_店員,4
T013_014b,IC01_溝口,343
T013_014b,IC02_田辺,145
T013_014b,IC03_真由美,139
T013_014b,IC04_内山,126
T013_014b,Z101_店員,24
T013_014c,IC01_溝口,243
T013_014c,IC02_田辺,100
T013_014c,IC03_真由美,142
T013_014c,IC04_内山,56
T013_015,IC01_溝口,455
T013_015,IC02_野田,470
T013_015,IC03_杉山,223
T013_015,Z101_店員,5
T013_017,IC01_溝口,193
T013_017,IC02_内藤,183
T013_017,Z10A_店員,8
T013_017,Z20A_店員,8
T013_018,IC01_溝口,565
T013_018,IC02_内藤,442
T013_018,Z10A_店員,23
T013_020,IC01_溝口,463
T013_020,IC02_青木,232
T013_021,IC01_溝口,338
T013_021,IC02_北村,268
T013_021,Z101_店員,33
T014_001a,IC01_吉田,119
T014_001a,IC02_晴信,59
T014_001b,IC01_吉田,138
T014_001b,IC02_晴信,74
T014_005a,IC01_吉田,100
T014_005a,IC02_晴信,76
T014_005b,IC01_吉田,256
T014_005b,IC02_晴信,161
T014_005c,IC01_吉田,285
T014_005c,IC02_晴信,162
T014_006,IC01_吉田,333
T014_006,IC02_父,222
T014_006,IC03_母,276
T014_008,IC03_澤井,746
T014_008,IC04_吉田,1005
T014_010a,IC03_吉田,435
T014_010a,IC04_真知子,352
T014_010b,IC03_吉田,252
T014_010b,IC04_真知子,203
T014_011a,IC03_吉田,287
T014_011a,IC04_砂川,237
T014_011b,IC03_吉田,822
T014_011b,IC04_砂川,767
T014_012,IC03_吉田,486
T014_012,IC04_伊之瀬,511
T014_014a,IC01_吉田,101
T014_014a,IC03_母,126
T014_014a,IC04_父,76
T014_014b,IC01_吉田,221
T014_014b,IC03_母,262
T014_014b,IC04_父,54
T014_016,IC01_吉田,592
T014_016,IC03_沼,484
T014_016,Z101_店員,2
T014_018,IC01_吉田,1582
T014_018,IC02_杉山,1261
T014_021,IC01_吉田,115
T014_021,IC02_父,74
T014_021,IC03_母,111
T015_001,IC01_小川,383
T015_001,IC02_滝,136
T015_001,IC03_大石,116
T015_001,IC04_山根,195
T015_001,N10A_父,14
T015_003,IC01_小川,325
T015_003,IC02_金子,316
T015_004,IC01_小川,620
T015_004,IC02_星島,633
T015_004,IC03_笹村,795
T015_004,IC04_安原,761
T015_005,IC01_小川,326
T015_005,IC02_滝,294
T015_005,IC03_平岡,248
T015_005,Z101_店員,7
T015_006,IC01_小川,362
T015_006,IC02_滝,509
T015_006,IC03_大石,512
T015_006,IC04_山根,411
T015_006,IC05_秋元,339
T015_006,Z105_店員,56
T015_007,IC01_小川,233
T015_007,IC02_今村,33
T015_007,IC03_坂井,217
T015_008a,IC01_小川,448
T015_008a,IC02_正裕,576
T015_008b,IC01_小川,234
T015_008b,IC02_正裕,170
T015_010,IC01_小川,531
T015_010,IC02_高畑,469
T015_011,IC01_小川,209
T015_011,IC02_井口,89
T015_011,IC03_工藤,329
T015_012a,IC01_小川,106
T015_012a,IC02_翔太,82
T015_012b,IC01_小川,259
T015_012b,IC02_翔太,217
T015_012b,Z10A_店員,28
T015_014,IC01_小川,155
T015_014,IC02_平川,179
T015_014,Z10A_店員,39
T015_015,IC01_小川,222
T015_015,IC02_井口,174
T015_015,IC03_金田,247
T015_015,IC04_古井,45
T015_015,IC06_杉山,76
T015_015,IC07_渋谷,117
T015_015,N107_江戸川,33
T015_017,IC01_小川,160
T015_017,IC02_滝,172
T015_017,IC03_登坂,218
T015_017,IC04_二村,196
T015_017,Z10A_店員,10
T015_018,IC01_小川,243
T015_018,IC02_久子,166
T015_018,IC03_美紗子,212
T015_018,IC04_翔太,301
T015_019,IC01_小川,253
T015_019,IC02_母,358
T015_019,IC03_父,313
T016_001,IC01_慎吾,367
T016_001,IC02_理奈子,388
T016_001,IC03_謙一,203
T016_001,IC04_ばあば,255
T016_001,IC05_鉄朗,70
T016_002,IC01_慎吾,426
T016_002,IC02_理奈子,430
T016_002,IC03_謙一,304
T016_002,IC04_ばあば,207
T016_003,IC01_慎吾,450
T016_003,IC02_理奈子,487
T016_004a,IC01_慎吾,161
T016_004a,IC02_理奈子,132
T016_004a,IC03_謙一,109
T016_004a,IC04_ばあば,86
T016_004a,IC05_鉄朗,16
T016_004b,IC01_慎吾,381
T016_004b,IC02_理奈子,418
T016_004b,IC03_謙一,101
T016_004b,IC04_ばあば,341
T016_004b,IC05_鉄朗,80
T016_005,IC01_慎吾,329
T016_005,IC05_鉄朗,195
T016_006a,IC01_慎吾,551
T016_006a,IC02_理奈子,486
T016_006b,IC01_慎吾,316
T016_006b,IC02_理奈子,296
T016_007,IC01_慎吾,612
T016_007,IC02_理奈子,721
T016_007,IC03_謙一,430
T016_007,IC04_ばあば,256
T016_007,IC05_鉄朗,109
T016_008,IC01_慎吾,233
T016_008,N10A_坂井,290
T017_004,IC01_岡崎,357
T017_004,N10B_佐久間,329
T017_004,N20B_スタッフ,1
T017_004,Z101_スタッフ,5
T017_005a,IC01_岡崎,507
T017_005a,IC02_古長,373
T017_005a,IC03_奥野,488
T017_005a,IC04_北村,428
T017_005a,Z10A_店員,26
T017_005a,Z20A_店員,9
T017_005b,IC01_岡崎,330
T017_005b,IC02_古長,222
T017_005b,IC03_奥野,306
T017_005b,IC04_北村,157
T017_005b,Z10A_店員,11
T017_005c,IC01_岡崎,332
T017_005c,IC02_古長,196
T017_005c,IC03_奥野,312
T017_005c,IC04_北村,310
T017_006,IC03_岡崎,1191
T017_006,IC05_三嶋,1432
T017_008,IC01_岡崎,346
T017_008,IC02_真鍋,406
T017_008,IC04_松井,583
T017_008,Z10B_店員,10
T017_011a,IC02_高山,979
T017_011a,N10A_岡崎,319
T017_011b,IC02_高山,59
T017_011b,N10A_岡崎,27
T017_012,IC01_岡崎,410
T017_012,IC02_島田,386
T017_016,IC01_岡崎,248
T017_016,IC02_由里子,244
T017_017,IC01_岡崎,329
T017_017,IC02_由里子,286
T017_017,Z10A_店員,15
T017_018,IC05_岡崎,398
T017_018,IC06_西,477
T018_001,IC01_根本,223
T018_001,IC02_山崎,605
T018_001,IC03_未羽,469
T018_004,IC02_山崎,1609
T018_004,N10A_根本,637
T018_004,Z10A_配達人,1
T018_005,IC01_根本,247
T018_005,IC02_山崎,700
T018_005,IC03_楊,310
T018_005,N10A_未羽,3
T018_006a,IC01_根本,448
T018_006a,IC02_未羽,424
T018_006a,IC03_紫音,279
T018_006b,IC01_根本,565
T018_006b,IC02_未羽,700
T018_006b,IC03_紫音,400
T018_014,IC01_根本,415
T018_014,IC02_松山,604
T018_014,IC03_酒見妻,622
T018_014,N10A_酒見,775
T018_017,IC01_根本,180
T018_017,IC02_牧島,356
T018_021,IC01_根本,340
T018_021,IC02_室野,520
T018_022,IC01_根本,538
T018_022,IC02_由良,354
T019_002,IC01_原田,461
T019_002,IC02_郷美,232
T019_002,IC03_晴哉,131
T019_002,IC04_麗央,395
T019_004,IC03_忠弘,79
T019_004,IC04_桃代,107
T019_004,IC05_早人,84
T019_004,N10A_原田,74
T019_004,N20A_郷美,48
T019_004,N30A_麗央,13
T019_004,N40A_晴哉,109
T019_004,N50A_瑠可,49
T019_004,N60A_烈,34
T019_004,N70A_朋代,73
T019_005a,IC01_原田,75
T019_005a,IC02_三島,226
T019_005a,IC03_並木,106
T019_005a,IC04_野茂,41
T019_005a,IC05_的場,25
T019_005b,IC01_原田,414
T019_005b,IC02_三島,361
T019_005b,IC03_並木,265
T019_005b,IC04_野茂,148
T019_005b,IC05_的場,50
T019_008a,IC01_原田,141
T019_008a,IC02_美容師,120
T019_008b,IC01_原田,114
T019_008b,IC02_美容師,87
T019_010,IC01_原田,622
T019_010,IC02_郷美,562
T019_010,IC03_晴哉,634
T019_010,IC04_麗央,354
T019_011a,IC01_原田,76
T019_011a,IC02_郷美,128
T019_011b,IC01_原田,80
T019_011b,IC02_郷美,170
T019_015,IC01_原田,585
T019_015,IC02_郷美,367
T019_015,IC03_晴哉,270
T019_015,IC04_麗央,147
T019_016,IC01_原田,573
T019_016,IC02_晴哉,562
T020_001,IC01_槇原,152
T020_001,IC02_皐月,69
T020_001,IC03_菜桜,69
T020_001,IC04_葉月,68
T020_003,IC01_槇原,141
T020_003,IC03_川野,164
T020_004,IC01_槇原,266
T020_004,IC03_七原,208
T020_004,IC04_小暮,202
T020_004,N10B_長塚,14
T020_004,N20B_寺居,10
T020_004,N303_宇良,19
T020_006,IC01_槇原,366
T020_006,IC02_浜名,81
T020_007,IC01_槇原,259
T020_007,IC02_妹尾,230
T020_007,Z10A_同僚,2
T020_008,IC01_槇原,350
T020_008,IC02_チコ,116
T020_008,N10A_苅野,10
T020_008,N20A_田安,23
T020_008,N30A_若田,78
T020_009,IC01_槇原,402
T020_009,IC02_チコ,192
T020_010a,IC01_槇原,165
T020_010a,IC02_妹,190
T020_010b,IC01_槇原,106
T020_010b,IC02_妹,136
T020_010c,IC01_槇原,300
T020_010c,IC02_妹,290
T020_010d,IC01_槇原,330
T020_010d,IC02_妹,339
T020_010d,N10A_菜桜,49
T020_010d,N20A_母,38
T020_011,IC01_槇原,188
T020_011,IC02_妹,119
T020_011,IC03_父,87
T020_011,IC04_菜桜,71
T020_011,IC05_皐月,12
T020_011,N101_葉月,10
T020_011,N201_母,71
T020_012,IC01_槇原,339
T020_012,IC02_葉月,184
T020_012,IC03_皐月,184
T020_012,N10A_菜桜,15
T020_013a,IC01_槇原,217
T020_013a,IC02_皐月,68
T020_013a,N10A_葉月,108
T020_013b,IC01_槇原,175
T020_013b,IC02_皐月,113
T020_013b,N10A_葉月,82
T020_020a,IC01_槇原,41
T020_020a,IC03_妹尾,57
T020_020a,IC04_小暮,19
T020_020a,N10A_秋谷,15
T020_020a,N20A_宇良,3
T020_020b,IC01_槇原,69
T020_020b,IC03_妹尾,88
T020_020b,IC04_小暮,54
T020_020b,N10A_秋谷,29
T020_020b,N20A_宇良,23
T020_020b,N30A_藤沢,4
T020_020b,N40A_七原,16
T020_020b,N50A_鳩井,8
T020_021,IC01_槇原,286
T020_021,IC03_玉津,170
T020_021,IC04_平田,201
T020_021,IC05_池下,101
T020_021,N10A_寺居,20
T020_021,N20A_川野,9
T020_022a,IC01_槇原,194
T020_022a,IC02_亘理,165
T020_022b,IC01_槇原,138
T020_022b,IC02_亘理,111
T020_022c,IC01_槇原,138
T020_022c,IC02_亘理,106
T020_022d,IC01_槇原,315
T020_022d,IC02_亘理,275
T020_025,IC01_槇原,1050
T020_025,IC02_藤沢,301
T020_025,IC04_小暮,617
T020_025,IC05_川崎,610
T020_025,N10A_作並,8
T020_025,N201_中屋敷,21
T020_025,N30A_寺居,9
T020_025,N40A_宇良,7
T021_002,IC01_船戸,438
T021_002,IC02_野見山,532
T021_003,IC01_船戸,369
T021_003,IC02_邦和,505
T021_005,IC01_船戸,541
T021_005,IC02_日沢,459
T021_006,IC01_船戸,564
T021_006,IC02_小川,534
T021_006,Z10A_訪問客,2
T021_007,IC01_船戸,150
T021_007,IC02_楓夏,105
T021_008,IC01_船戸,949
T021_008,IC02_美津子,1015
T021_008,IC03_楓夏,189
T021_008,N10A_治成,10
T021_010a,IC02_由香,38
T021_010a,IC03_紀香,105
T021_010a,IC04_宗哲,153
T021_010a,IC05_進治,142
T021_010a,IC06_船戸,138
T021_010b,IC02_由香,71
T021_010b,IC03_紀香,200
T021_010b,IC04_宗哲,60
T021_010b,IC05_進治,146
T021_010b,IC06_船戸,202
T021_010b,N10A_早穂,2
T021_011a,IC01_船戸,262
T021_011a,IC02_十津川,257
T021_011b,IC01_船戸,222
T021_011b,IC02_十津川,258
T021_014,IC01_船戸,616
T021_014,IC02_治成,598
T021_015,N10A_船戸,240
T021_015,N20A_季世恵,229
T021_016,IC01_船戸,903
T021_016,IC02_春枝,871
T022_003,IC01_雪室,229
T022_003,IC02_マサ,262
T022_005,IC01_雪室,276
T022_005,IC02_マサ,255
T022_007a,IC01_雪室,280
T022_007a,IC02_こう,314
T022_007b,IC01_雪室,265
T022_007b,IC02_こう,266
T022_008a,IC01_雪室,45
T022_008a,IC02_西野,120
T022_008a,IC03_成田,51
T022_008a,Z10B_店員,3
T022_008a,Z20B_店員,6
T022_008b,IC01_雪室,122
T022_008b,IC02_西野,300
T022_008b,IC03_成田,132
T022_008b,Z10B_店員,1
T022_008c,IC01_雪室,57
T022_008c,IC02_西野,140
T022_008c,IC03_成田,45
T022_008c,Z10B_店員,17
T022_009,IC01_雪室,377
T022_009,IC02_マサ,494
T022_011,IC01_雪室,442
T022_011,IC02_こう,400
T022_011,IC03_越谷,180
T022_011,N10B_しゅん,168
T022_011,Z10B_店員,22
T022_012,IC01_雪室,197
T022_012,N10A_しゅん,200
T022_013a,IC01_雪室,115
T022_013a,IC02_ひで,32
T022_013a,IC03_中浦,107
T022_013a,IC04_治之丞,184
T022_013b,IC01_雪室,84
T022_013b,IC02_ひで,35
T022_013b,IC03_中浦,48
T022_013b,IC04_治之丞,97
T022_013c,IC01_雪室,134
T022_013c,IC02_ひで,39
T022_013c,IC03_中浦,116
T022_013c,IC04_治之丞,188
T022_013d,IC01_雪室,144
T022_013d,IC02_ひで,57
T022_013d,IC03_中浦,89
T022_013d,IC04_治之丞,201
T022_015,IC01_雪室,172
T022_015,IC02_治之丞,193
T022_015,Z10B_店員,8
T022_017a,IC01_雪室,255
T022_017a,IC02_風間,352
T022_017b,IC01_雪室,145
T022_017b,IC02_風間,217
T023_001,IC01_指田,340
T023_001,IC02_紀子,430
T023_002,IC01_指田,230
T023_002,IC02_紀子,668
T023_002,IC03_智香,612
T023_002,IC04_拓司,413
T023_002,N10A_栄作,42
T023_004,IC01_指田,462
T023_004,IC02_紀子,944
T023_004,IC03_深田,566
T023_004,IC04_岩川,318
T023_004,IC05_島井,313
T023_004,IC06_大橋,497
T023_005,IC01_指田,611
T023_005,IC04_嘉村,541
T023_005,IC06_折口,571
T023_007,IC01_指田,414
T023_007,IC04_宮部,295
T023_008a,IC01_指田,73
T023_008a,IC02_紀子,353
T023_008a,IC03_雪乃,111
T023_008a,IC04_実,305
T023_008b,IC01_指田,218
T023_008b,IC02_紀子,371
T023_008b,IC03_雪乃,422
T023_008b,IC04_実,285
T023_009,IC01_指田,291
T023_009,IC02_古久保,175
T023_009,IC03_黒森,306
T023_009,IC04_牛島,216
T023_009,IC05_今林,106
T023_009,Z10A_店員,3
T023_011,IC01_指田,436
T023_011,IC02_紀子,439
T023_011,IC03_智香,322
T023_011,IC04_和恵,352
T023_012,IC01_指田,120
T023_012,IC02_紀子,185
T023_012,IC04_和恵,115
T023_013,IC01_指田,322
T023_013,IC02_紀子,517
T023_017,IC01_指田,348
T023_017,IC04_笠松,303
T023_020,IC01_指田,441
T023_020,IC04_伊吹,396
T023_020,Z10A_店員,19
T024_001,IC01_堂島,143
T024_001,IC02_瀬菜,133
T024_001,IC03_みどり,282
T024_003a,IC01_堂島,97
T024_003a,IC02_竜彦,195
T024_003a,IC03_薫,52
T024_003a,IC04_小春,108
T024_003a,IC05_みどり,377
T024_003a,IC06_秀人,13
T024_003a,N10A_絵美,41
T024_003a,Z10A_店員,14
T024_003b,IC01_堂島,116
T024_003b,IC02_竜彦,143
T024_003b,IC03_薫,39
T024_003b,IC04_小春,96
T024_003b,IC05_みどり,325
T024_003b,IC06_秀人,46
T024_003b,N10A_絵美,40
T024_003b,Z10A_店員,8
T024_004,IC01_堂島,342
T024_004,IC02_小春,625
T024_004,IC03_みどり,736
T024_004,IC04_秀人,24
T024_004,N10B_絵美,8
T024_005,IC01_堂島,301
T024_005,IC02_秀人,147
T024_005,IC03_みどり,763
T024_005,IC04_小春,449
T024_006,IC01_堂島,35
T024_006,IC03_みどり,111
T024_006,IC04_瀬菜,172
T024_006,N10A_秀人,87
T024_007,IC01_堂島,89
T024_007,IC02_秀人,77
T024_007,IC03_みどり,668
T024_007,IC04_瀬菜,449
T024_008,IC01_堂島,731
T024_008,IC02_町田,777
T024_008,Z10A_店員,34
T024_009,IC01_堂島,47
T024_009,IC02_小島,259
T024_009,IC03_高畑,267
T024_009,IC04_郷,74
T024_009,IC05_田中,589
T024_009,IC06_有坂,50
T024_009,N10A_ファン,72
T024_009,N20A_辛島,1
T024_010,IC01_堂島,510
T024_010,IC02_青島,390
T024_010,IC03_ファン,259
T024_010,IC04_久米田,560
T024_010,Z10B_店員,16
T024_010,Z20B_店員,37
W001_001a,IC01_葉山,449
W001_001a,IC02_鶴島,12
W001_001a,IC04_池上,27
W001_001a,IC06_松川,90
W001_001a,IC07_福間,31
W001_001a,IC08_吉澤,55
W001_001b,IC01_葉山,207
W001_001b,IC02_鶴島,2
W001_001b,IC04_池上,44
W001_001b,IC06_松川,76
W001_001b,IC07_福間,13
W001_001b,IC08_吉澤,30
W001_001c,IC01_葉山,185
W001_001c,IC02_鶴島,12
W001_001c,IC04_池上,5
W001_001c,IC06_松川,48
W001_001c,IC07_福間,37
W001_001c,IC08_吉澤,9
W001_002,IC01_松川,124
W001_002,IC02_神辺,1
W001_002,IC03_立浪,27
W001_002,IC05_川久保,10
W001_002,IC07_榎田,15
W001_002,IC09_仲居,127
W001_002,IC10_葉山,143
W001_003a,IC01_松川,19
W001_003a,IC03_仲居,3
W001_003a,IC07_末松,17
W001_003b,IC01_松川,12
W001_003b,IC02_神辺,1
W001_003b,IC03_仲居,2
W001_003b,IC06_八柳,1
W001_003b,IC07_末松,31
W001_003b,IC14_北園,1
W001_003b,IC15_葉山,5
W001_003c,IC01_松川,23
W001_003c,IC03_仲居,3
W001_003c,IC06_八柳,2
W001_003c,IC07_末松,3
W001_003c,IC12_折本,82
W001_003c,IC14_北園,1
W001_003c,IC15_葉山,5
W001_003d,IC01_松川,270
W001_003d,IC02_神辺,7
W001_003d,IC03_仲居,184
W001_003d,IC06_八柳,3
W001_003d,IC07_末松,21
W001_003d,IC12_折本,41
W001_003d,IC14_北園,125
W001_003d,IC15_葉山,20
W001_004,IC01_葉山,130
W001_004,IC02_折本,208
W001_004,IC04_神辺,32
W001_004,IC05_松川,373
W001_004,IC08_仲居,198
W001_004,IC10_末松,216
W002_001,IC01_田崎,474
W002_001,IC02_友永,254
W002_001,IC03_津田,195
W002_001,IC04_今村,176
W002_001,IC05_志村,154
W002_001,IC06_畑中,490
W002_001,IC07_松田,50
W002_001,IC08_岩国,195
W002_001,IC09_井田,134
W002_001,IC10_寺井,78
W002_001,IC11_板野,283
W002_001,IC12_柴田,59
W002_001,IC13_物井,86
W002_001,IC14_渋沢,22
W003_001,IC01_島屋,259
W003_001,IC02_宍戸,47
W003_001,IC03_種川,8
W003_001,N10A_中森,22
W003_002,IC02_宍戸,48
W003_002,IC03_種川,54
W004_001a,IC01_万波,86
W004_001a,IC02_間島,12
W004_001a,IC03_鹿田,21
W004_001a,IC04_菅井,22
W004_001a,IC05_沖田,29
W004_001a,IC06_大原,36
W004_001b,IC01_万波,100
W004_001b,IC02_間島,40
W004_001b,IC03_鹿田,49
W004_001b,IC04_菅井,28
W004_001b,IC05_沖田,56
W004_001b,IC06_大原,35
W004_002,IC01_万波,314
W004_002,IC02_間島,119
W004_002,IC03_鹿田,135
W004_002,IC04_菅井,68
W004_002,IC05_沖田,138
W004_002,IC06_大原,83
W004_003,IC01_万波,409
W004_003,IC02_間島,69
W004_003,IC03_鹿田,50
W004_003,IC04_菅井,69
W004_003,IC05_沖田,84
W004_003,IC06_大原,66
W004_004a,IC01_万波,72
W004_004a,IC02_間島,10
W004_004a,IC03_鹿田,5
W004_004a,IC04_菅井,5
W004_004a,IC05_沖田,22
W004_004a,IC06_大原,6
W004_004a,Z10A_客,2
W004_004b,IC01_万波,67
W004_004b,IC02_間島,10
W004_004b,IC03_鹿田,11
W004_004b,IC04_菅井,7
W004_004b,IC05_沖田,18
W004_004b,IC06_大原,4
W004_004b,Z10A_客,4
W004_005a,IC01_万波,44
W004_005a,IC02_間島,20
W004_005a,IC03_鹿田,23
W004_005a,IC04_菅井,25
W004_005a,IC05_沖田,30
W004_005a,IC06_大原,14
W004_005b,IC01_万波,183
W004_005b,IC02_間島,91
W004_005b,IC03_鹿田,57
W004_005b,IC04_菅井,82
W004_005b,IC05_沖田,71
W004_005b,IC06_大原,55
W004_006,IC01_万波,214
W004_006,IC02_間島,88
W004_006,IC03_鹿田,106
W004_006,IC04_菅井,84
W004_006,IC05_沖田,138
W004_006,IC06_大原,91
W004_007a,IC01_万波,79
W004_007a,IC02_間島,4
W004_007a,IC03_鹿田,6
W004_007a,IC05_沖田,13
W004_007a,IC06_大原,12
W004_007b,IC01_万波,201
W004_007b,IC02_間島,65
W004_007b,IC03_鹿田,87
W004_007b,IC04_菅井,82
W004_007b,IC05_沖田,95
W004_007b,IC06_大原,102
W004_008a,IC01_万波,93
W004_008a,IC02_間島,5
W004_008a,IC03_鹿田,22
W004_008a,IC04_菅井,9
W004_008a,IC05_沖田,13
W004_008a,IC06_大原,21
W004_008b,IC01_万波,128
W004_008b,IC02_間島,90
W004_008b,IC03_鹿田,171
W004_008b,IC04_菅井,162
W004_008b,IC05_沖田,113
W004_008b,IC06_大原,76
W004_009,IC01_万波,226
W004_009,IC02_間島,64
W004_009,IC03_鹿田,92
W004_009,IC04_菅井,71
W004_009,IC05_沖田,106
W004_009,IC06_大原,57
W004_010a,IC01_万波,45
W004_010a,IC03_鹿田,1
W004_010a,IC05_沖田,10
W004_010a,IC06_大原,6
W004_010b,IC01_万波,79
W004_010b,IC02_間島,64
W004_010b,IC03_鹿田,74
W004_010b,IC04_菅井,60
W004_010b,IC05_沖田,66
W004_010b,IC06_大原,33
W005_001,IC01_下曽山,663
W005_001,IC02_広野,237
W005_001,IC03_片山,491
W005_001,IC04_渡野,312
W005_001,IC05_峯岸,126
W005_001,IC06_糸山,184
W005_001,IC07_葉山,1394
W005_001,IC08_仲居,357
W005_001,IC09_秋山,228
W006_001,IC01_舞奈,1384
W006_001,IC02_若菜,1356
W006_001,N10B_梨緒,436
W006_001,Z10B_店員,26
W007_002,IC01_白石,585
W007_002,IC02_一色,610
W007_003,IC01_白石,407
W007_003,IC02_一色,453
W007_003,IC03_湯本,206
W007_004a,IC01_白石,17
W007_004a,IC02_滝山,153
W007_004a,IC03_野守,140
W007_004b,IC01_白石,340
W007_004b,IC02_滝山,1168
W007_004b,IC03_野守,992
W008_001a,IC01_峰,653
W008_001a,IC02_藤山,635
W008_001a,IC03_山尾,380
W008_001a,IC04_吉沼,419
W008_001a,IC05_沢口,412
W008_001b,IC01_峰,210
W008_001b,IC02_藤山,211
W008_001b,IC03_山尾,97
W008_001b,IC04_吉沼,122
W008_001b,IC05_沢口,170
W008_001c,IC01_峰,874
W008_001c,IC02_藤山,712
W008_001c,IC03_山尾,332
W008_001c,IC04_吉沼,382
W008_001c,IC05_沢口,311
W009_001,IC01_澄香,529
W009_001,IC02_里奈,829
W009_001,IC03_奈々,803
W009_001,IC04_由麻,470
W009_001,Z10B_店員,12
W009_001,Z20B_店員,12
W009_002a,IC01_澄香,265
W009_002a,IC05_母,374
W009_002b,IC01_澄香,351
W009_002b,IC05_母,493
W010_001a,IC01_堂本,851
W010_001a,IC02_新島,941
W010_001b,IC01_堂本,258
W010_001b,IC02_新島,305
W011_001a,IC01_百田,151
W011_001a,N10A_沢島,73
W011_001a,N20A_鎌江,213
W011_001b,IC01_百田,161
W011_001b,N10A_沢島,68
W011_001b,N20A_鎌江,162
