core_speaker,age,gender,conversation_id,all_speakers_detailed,location,relationship,mora_count,utterances,duration_seconds
塚田,70-74歳,男性,T007_009,"塚田(男性, 70-74歳) | 平賀(男性, 70-74歳)",職場,同僚,20735,783,3092.5580000000004
徹,20-24歳,男性,T010_013,"徹(男性, 20-24歳) | 神崎(男性, 20-24歳)",公共商業施設_飲食店,友人知人,15005,952,1715.4660000000001
川原,50-54歳,女性,K011_005,"川原(女性, 50-54歳) | 内海(女性, 50-54歳)",公共商業施設_商業施設,サービス場面関係,12376,799,2173.113999999996
山口,35-39歳,男性,S002_014,"山口(男性, 35-39歳) | 圭(男性, 35-39歳)",室内_友人知人宅,友人知人,11736,919,1763.9409999999962
吉田,45-49歳,女性,T014_018,"吉田(女性, 45-49歳) | 杉山(女性, 50-54歳)",室内_友人知人宅,友人知人,10149,1194,1536.787000000003
玲子,40-44歳,女性,C001_003,"玲子(女性, 40-44歳) | 夏樹(女性, 45-49歳)",自宅,友人知人,9673,630,1471.4239999999993
詩織,20-24歳,女性,K003_005,"詩織(女性, 20-24歳) | あかり(女性, 20-24歳)",屋外,友人知人,9578,838,1300.3820000000005
船戸,65-69歳,女性,T021_016,"船戸(女性, 65-69歳) | 春枝(女性, 60-64歳)",自宅,親戚,7933,677,1389.1020000000017
船戸,65-69歳,女性,T021_014,"船戸(女性, 65-69歳) | 治成(男性, 70-74歳)",自宅,家族,7912,534,1500.8159999999998
岡崎,60-64歳,女性,T017_006,"岡崎(女性, 60-64歳) | 三嶋(女性, 40-44歳)",自宅,友人知人,7757,825,1086.067
広子,60-64歳,女性,K006_020,"広子(女性, 60-64歳) | 静香(女性, 50-54歳)",職場,先生生徒,6981,571,960.1479999999985
広子,60-64歳,女性,K006_023,"広子(女性, 60-64歳) | 名取(女性, 40-44歳)",自宅,友人知人,6918,566,962.7910000000005
徹,20-24歳,男性,T010_005,"徹(男性, 20-24歳) | 辺見(男性, 20-24歳)",自宅,友人知人,6781,931,705.1630000000007
徹,20-24歳,男性,T010_009,"徹(男性, 20-24歳) | 石塚(男性, 40-44歳)",学校,先生生徒,6589,452,793.6379999999992
湯本,25-29歳,男性,K007_007,"湯本(男性, 25-29歳) | 三崎(男性, 25-29歳)",職場,同僚,6550,384,1086.1290000000008
島村,40-44歳,女性,K004_007,"島村(女性, 40-44歳) | 聡太郎(男性, 15-19歳)",自宅,家族,6493,763,1085.4239999999975
玲子,40-44歳,女性,C001_012,"玲子(女性, 40-44歳) | 辰嶋(男性, 35-39歳)",室内_友人知人宅,同僚,6437,392,958.0979999999952
吉田,45-49歳,女性,T014_008,"吉田(女性, 45-49歳) | 澤井(女性, 40-44歳)",室内_友人知人宅,同僚,6357,786,884.9029999999984
島村,40-44歳,女性,K004_011,"島村(女性, 40-44歳) | 謙三郎(男性, 10-14歳)",自宅,家族,6249,740,877.7540000000008
島村,40-44歳,女性,K004_001,"島村(女性, 40-44歳) | 母(女性, 65-69歳)",自宅,家族,5871,418,921.2980000000002
雪江,25-29歳,女性,K013_019,"雪江(女性, 25-29歳) | 祖母(女性, 75-79歳)",室内_実家,家族,5749,824,758.6570000000038
一ノ宮,60-64歳,女性,T004_006,"一ノ宮(女性, 60-64歳) | 中森(女性, 60-64歳)",公共商業施設_商業施設,サービス場面関係,5694,291,1073.5179999999998
雪江,25-29歳,女性,K013_004,"雪江(女性, 25-29歳) | 俊夫(男性, 25-29歳)",室内_友人知人宅,友人知人,5674,544,680.3290000000003
広子,60-64歳,女性,K006_016,"広子(女性, 60-64歳) | 美代子(女性, 60-64歳)",自宅,友人知人,5593,529,771.7900000000003
広子,60-64歳,女性,K006_018,"広子(女性, 60-64歳) | 大杉(女性, 45-49歳)",職場,仕事関係,5548,494,743.7299999999998
根本,50-54歳,男性,T018_022,"根本(男性, 50-54歳) | 由良(男性, 20-24歳)",職場,先生生徒,5379,511,720.7350000000018
安村,40-44歳,女性,K006_009,"広子(女性, 60-64歳) | 安村(女性, 40-44歳)",職場,仕事関係,5352,390,840.7070000000003
山口,35-39歳,男性,S002_005,"山口(男性, 35-39歳) | 黒岩(男性, 55-59歳)",公共商業施設_飲食店,仕事関係,5323,453,746.5990000000011
昌美,35-39歳,女性,K005_028,"昌美(女性, 35-39歳) | 礼司(男性, 35-39歳)",職場_相手の職場,友人知人,5239,485,666.8959999999996
湯本,25-29歳,男性,K007_015,"湯本(男性, 25-29歳) | 花梨(女性, 25-29歳)",自宅,友人知人,5232,711,799.293999999999
優香,30-34歳,女性,T001_002,"広瀬(男性, 35-39歳) | 優香(女性, 30-34歳)",自宅,家族,5144,786,690.7519999999959
白石,30-34歳,男性,W007_002,"一色(女性, 40-44歳) | 白石(男性, 30-34歳)",公共商業施設_飲食店,仕事関係,5081,465,719.3689999999992
杉田,50-54歳,女性,K002_016,"杉田(女性, 50-54歳) | 三上(女性, 35-39歳)",公共商業施設_宿泊施設,友人知人,5023,418,663.2480000000003
雪江,25-29歳,女性,K013_012,"雪江(女性, 25-29歳) | 俊夫(男性, 25-29歳)",自宅,友人知人,5002,687,536.9549999999972
湯本,25-29歳,男性,K007_020,"湯本(男性, 25-29歳) | 土屋(男性, 20-24歳)",職場,先生生徒,4861,273,802.4669999999998
杉田,50-54歳,女性,K002_007,"杉田(女性, 50-54歳) | 沙織(女性, 15-19歳)",自宅,家族,4844,414,600.4200000000006
平沢,30-34歳,男性,K012_001,"平沢(男性, 30-34歳) | 葉山(女性, 45-49歳)",職場_相手の職場,友人知人,4710,272,753.4090000000003
昌美,35-39歳,女性,K005_020,"昌美(女性, 35-39歳) | 辰雄(男性, 65-69歳)",室内_実家,家族,4635,500,625.8989999999976
詩織,20-24歳,女性,K003_006,"詩織(女性, 20-24歳) | 由佳(女性, 20-24歳)",学校,友人知人,4572,407,597.5390000000007
根本,50-54歳,男性,T018_021,"根本(男性, 50-54歳) | 室野(男性, 50-54歳)",自宅,友人知人,4469,227,593.1550000000018
尾形,25-29歳,男性,T006_001,"尾形(男性, 25-29歳) | 坂上(女性, 60-64歳)",学校,先生生徒,4263,269,633.9279999999992
尾形,25-29歳,男性,T006_005,"尾形(男性, 25-29歳) | 坂本(男性, 20-24歳)",自宅,友人知人,4166,412,665.4309999999992
塚田,70-74歳,男性,T007_004,"塚田(男性, 70-74歳) | 誠(男性, 60-64歳)",室内_実家,家族,4154,315,509.64399999999995
玲子,40-44歳,女性,C001_013,"玲子(女性, 40-44歳) | 辰嶋(男性, 35-39歳)",室内_友人知人宅,同僚,4071,279,592.803000000001
直也,40-44歳,男性,T002_019,"直也(男性, 40-44歳) | 高柳(女性, 35-39歳)",公共商業施設_飲食店,仕事関係,4031,280,629.1850000000007
詩織,20-24歳,女性,K003_008,"詩織(女性, 20-24歳) | ゆう(女性, 20-24歳)",公共商業施設_飲食店,友人知人,3851,468,517.1999999999989
槇原,40-44歳,男性,T020_006,"槇原(男性, 40-44歳) | 浜名(女性, 15-19歳)",職場,先生生徒,3769,304,506.4910000000003
船戸,65-69歳,女性,T021_002,"船戸(女性, 65-69歳) | 野見山(女性, 60-64歳)",自宅,友人知人,3766,331,665.6619999999984
溝口,65-69歳,男性,T013_003,"溝口(男性, 65-69歳) | 妻(女性, 60-64歳)",屋外,家族,3734,364,483.550000000002
昌美,35-39歳,女性,K005_002,"昌美(女性, 35-39歳) | 義則(男性, 35-39歳)",自宅,友人知人,3636,439,468.7849999999987
昌美,35-39歳,女性,K005_016,"昌美(女性, 35-39歳) | 若菜(女性, 40-44歳)",自宅,友人知人,3480,442,476.4579999999986
昌美,35-39歳,女性,K005_006,"昌美(女性, 35-39歳) | 房(女性, 95-99歳)",公共商業施設_医療福祉施設,家族,3452,362,451.2760000000002
萌,35-39歳,女性,K001_019,"萌(女性, 35-39歳) | 千佳(女性, 30-34歳)",自宅,家族,3346,293,676.4320000000005
船戸,65-69歳,女性,T021_005,"船戸(女性, 65-69歳) | 日沢(女性, 45-49歳)",自宅,友人知人,3333,347,579.3529999999997
直也,40-44歳,男性,T002_012,"直也(男性, 40-44歳) | 母(女性, 70-74歳)",公共商業施設_飲食店,家族,3266,347,469.13599999999946
原田,40-44歳,男性,T019_016,"原田(男性, 40-44歳) | 晴哉(男性, 10-14歳)",自宅,家族,3254,436,428.5329999999975
安藤,20-24歳,女性,T009_017,"安藤(女性, 20-24歳) | 俊明(男性, 20-24歳)",屋外,友人知人,3251,403,463.35999999999797
昌美,35-39歳,女性,K005_033,"昌美(女性, 35-39歳) | 礼司(男性, 35-39歳)",自宅,友人知人,3143,251,372.1029999999997
吉田,45-49歳,女性,T014_012,"吉田(女性, 45-49歳) | 伊之瀬(女性, 40-44歳)",職場,同僚,3134,322,508.7289999999994
指田,60-64歳,男性,T023_007,"指田(男性, 60-64歳) | 宮部(男性, 70-74歳)",自宅,友人知人,3066,255,433.0789999999998
彩香,30-34歳,女性,T008_013,"彩香(女性, 30-34歳) | 康明(男性, 35-39歳)",自宅,家族,3014,307,366.1660000000005
萌,35-39歳,女性,K001_004,"萌(女性, 35-39歳) | 綾子(女性, 45-49歳)",公共商業施設_飲食店,友人知人,3008,264,498.7390000000006
日野,55-59歳,女性,C002_004,"日野(女性, 55-59歳) | 正和(男性, 20-24歳)",自宅,家族,2999,260,407.25900000000087
指田,60-64歳,男性,T023_013,"指田(男性, 60-64歳) | 紀子(女性, 55-59歳)",交通機関_車,家族,2900,246,423.5399999999994
溝口,65-69歳,男性,T013_001,"溝口(男性, 65-69歳) | 妻(女性, 60-64歳)",自宅,家族,2873,182,374.11800000000005
彩香,30-34歳,女性,T008_009,"彩香(女性, 30-34歳) | 康明(男性, 35-39歳)",自宅,家族,2799,234,366.655
岡崎,60-64歳,女性,T017_018,"岡崎(女性, 60-64歳) | 西(女性, 60-64歳)",公共商業施設_飲食店,友人知人,2790,320,406.3839999999998
萌,35-39歳,女性,K001_011,"萌(女性, 35-39歳) | 奈津子(女性, 35-39歳)",自宅,友人知人,2788,396,519.2839999999998
船戸,65-69歳,女性,T021_003,"船戸(女性, 65-69歳) | 邦和(男性, 35-39歳)",自宅,家族,2771,285,463.9009999999997
槇原,40-44歳,男性,T020_009,"槇原(男性, 40-44歳) | チコ(女性, 20-24歳)",職場,同僚,2743,369,385.48700000000065
詩織,20-24歳,女性,K003_003,"詩織(女性, 20-24歳) | 母(女性, 50-54歳)",職場,家族,2708,271,346.08700000000107
岡崎,60-64歳,女性,T017_012,"岡崎(女性, 60-64歳) | 島田(男性, 70-74歳)",自宅,サービス場面関係,2690,299,375.5720000000004
慎吾,40-44歳,男性,T016_003,"慎吾(男性, 40-44歳) | 理奈子(女性, 35-39歳)",自宅,家族,2655,249,452.3169999999998
彩香,30-34歳,女性,T008_021,"彩香(女性, 30-34歳) | 母(女性, 65-69歳)",室内_実家,家族,2633,239,325.88399999999973
指田,60-64歳,男性,T023_017,"指田(男性, 60-64歳) | 笠松(男性, 45-49歳)",交通機関_車,元同僚,2624,255,356.01399999999876
萌,35-39歳,女性,K001_010,"萌(女性, 35-39歳) | 愛子(女性, 30-34歳)",公共商業施設_飲食店,友人知人,2595,336,413.1920000000001
小川,50-54歳,男性,T015_003,"小川(男性, 50-54歳) | 金子(男性, 65-69歳)",職場,仕事関係,2525,186,344.271000000001
安藤,20-24歳,女性,T009_001,"安藤(女性, 20-24歳) | 早苗(女性, 80-84歳)",自宅,家族,2518,304,345.4329999999999
小川,50-54歳,男性,T015_010,"小川(男性, 50-54歳) | 高畑(女性, 55-59歳)",職場_相手の職場,仕事関係,2482,317,334.85699999999974
直也,40-44歳,男性,T002_018,"直也(男性, 40-44歳) | 綾音(女性, 35-39歳)",公共商業施設_飲食店,家族,2391,183,372.0080000000005
湯本,25-29歳,男性,K007_005,"湯本(男性, 25-29歳) | 三崎(男性, 25-29歳)",職場,同僚,2313,180,359.678
彩香,30-34歳,女性,T008_008,"彩香(女性, 30-34歳) | 母(女性, 65-69歳)",室内_実家,家族,2289,192,291.0920000000002
雪室,25-29歳,男性,T022_009,"雪室(男性, 25-29歳) | マサ(女性, 20-24歳)",自宅,友人知人,2273,326,360.4739999999988
溝口,65-69歳,男性,T013_020,"溝口(男性, 65-69歳) | 青木(男性, 60-64歳)",交通機関_車,友人知人,2217,261,275.60499999999996
湯本,25-29歳,男性,K007_017,"湯本(男性, 25-29歳) | 花梨(女性, 25-29歳)",自宅,友人知人,2208,371,378.7129999999996
岡崎,60-64歳,女性,T017_016,"岡崎(女性, 60-64歳) | 由里子(女性, 55-59歳)",自宅,家族,2186,190,265.8019999999997
広瀬,35-39歳,男性,T001_008,"広瀬(男性, 35-39歳) | 吉川(男性, 40-44歳)",公共商業施設_飲食店,元同僚,2176,206,299.36000000000035
萌,35-39歳,女性,K001_008,"萌(女性, 35-39歳) | 郁(女性, 40-44歳)",公共商業施設_飲食店,家族,2133,208,340.2199999999991
湯本,25-29歳,男性,K007_001,"湯本(男性, 25-29歳) | 岩城(女性, 25-29歳)",公共商業施設_飲食店,友人知人,2018,228,298.3190000000006
槇原,40-44歳,男性,T020_003,"槇原(男性, 40-44歳) | 川野(女性, 35-39歳)",職場,同僚,2008,122,330.2020000000002
雪室,25-29歳,男性,T022_005,"雪室(男性, 25-29歳) | マサ(女性, 20-24歳)",交通機関_電車,友人知人,1981,233,301.2800000000001
雪江,25-29歳,女性,K013_017,"雪江(女性, 25-29歳) | 俊夫(男性, 25-29歳)",室内_友人知人宅,友人知人,1965,229,243.90099999999978
彩香,30-34歳,女性,T008_004,"彩香(女性, 30-34歳) | 康明(男性, 35-39歳)",自宅,家族,1957,192,255.9170000000006
詩織,20-24歳,女性,K003_017,"詩織(女性, 20-24歳) | 由佳(女性, 20-24歳)",学校,友人知人,1908,303,291.9079999999993
玲子,40-44歳,女性,C001_006,"玲子(女性, 40-44歳) | 母(女性, 70-74歳)",屋外,家族,1877,195,266.6980000000009
溝口,65-69歳,男性,T013_005,"溝口(男性, 65-69歳) | 妻(女性, 60-64歳)",自宅,家族,1877,132,261.20100000000025
彩香,30-34歳,女性,T008_003,"彩香(女性, 30-34歳) | 康明(男性, 35-39歳)",自宅,家族,1867,166,249.62600000000003
昌美,35-39歳,女性,K005_005,"昌美(女性, 35-39歳) | 律子(女性, 35-39歳)",職場,友人知人,1850,238,298.6990000000001
一ノ宮,60-64歳,女性,T004_016,"一ノ宮(女性, 60-64歳) | パパ(男性, 60-64歳)",交通機関_車,家族,1834,184,311.72599999999966
雪室,25-29歳,男性,T022_003,"雪室(男性, 25-29歳) | マサ(女性, 20-24歳)",自宅,友人知人,1802,174,289.24800000000016
湯本,25-29歳,男性,K007_013,"湯本(男性, 25-29歳) | 花梨(女性, 25-29歳)",自宅,友人知人,1772,207,273.02399999999955
美乃梨,25-29歳,女性,K009_007,"美乃梨(女性, 25-29歳) | 尚美(女性, 25-29歳)",公共商業施設_飲食店,友人知人,1674,230,190.24799999999982
平沢,30-34歳,男性,K012_006,"平沢(男性, 30-34歳) | 竹太郎(男性, 0-4歳)",自宅,家族,1614,204,217.73899999999907
湯本,25-29歳,男性,K007_003,"湯本(男性, 25-29歳) | 花梨(女性, 25-29歳)",自宅,友人知人,1600,155,202.27699999999965
船戸,65-69歳,女性,T021_015,"船戸(女性, 65-69歳) | 季世恵(女性, 65-69歳)",自宅,友人知人,1588,161,271.01900000000023
玲子,40-44歳,女性,C001_002,"玲子(女性, 40-44歳) | 美沙(女性, 40-44歳)",室内_友人知人宅,友人知人,1513,183,240.49800000000008
萌,35-39歳,女性,K001_009,"萌(女性, 35-39歳) | 智(女性, 35-39歳)",屋外,友人知人,1490,208,234.25000000000057
慎吾,40-44歳,男性,T016_008,"慎吾(男性, 40-44歳) | 坂井(女性, 45-49歳)",職場_相手の職場,仕事関係,1489,179,267.3239999999999
湯本,25-29歳,男性,K007_006,"湯本(男性, 25-29歳) | 花梨(女性, 25-29歳)",自宅,友人知人,1488,137,225.78199999999993
樫田,65-69歳,男性,K010_006,"樫田(男性, 65-69歳) | 杉村(男性, 60-64歳)",公共商業施設_飲食店,友人知人,1456,119,265.1179999999998
根本,50-54歳,男性,T018_017,"根本(男性, 50-54歳) | 牧島(男性, 55-59歳)",自宅,友人知人,1424,159,168.5789999999999
樫田,65-69歳,男性,K010_008,"樫田(男性, 65-69歳) | 弟(男性, 60-64歳)",職場_相手の職場,家族,1397,88,280.54199999999986
慎吾,40-44歳,男性,T016_005,"慎吾(男性, 40-44歳) | 鉄朗(男性, 0-4歳)",自宅,家族,1338,252,169.52299999999997
指田,60-64歳,男性,T023_001,"指田(男性, 60-64歳) | 紀子(女性, 55-59歳)",自宅,家族,1305,165,167.5360000000004
健,50-54歳,男性,S001_013,"健(男性, 50-54歳) | 翔子(女性, 45-49歳)",自宅,家族,1295,107,249.54699999999985
雪室,25-29歳,男性,T022_012,"雪室(男性, 25-29歳) | しゅん(男性, 25-29歳)",交通機関_電車,友人知人,1235,148,193.68199999999973
溝口,65-69歳,男性,T013_007,"溝口(男性, 65-69歳) | 妻(女性, 60-64歳)",自宅,家族,1223,107,162.87600000000003
広瀬,35-39歳,男性,T001_007,"広瀬(男性, 35-39歳) | 優香(女性, 30-34歳)",自宅,家族,1181,159,165.9150000000011
玲子,40-44歳,女性,C001_005,"玲子(女性, 40-44歳) | 母(女性, 70-74歳)",屋外,家族,1122,123,179.06099999999998
彩香,30-34歳,女性,T008_020,"彩香(女性, 30-34歳) | 康明(男性, 35-39歳)",屋外,家族,1088,118,130.14499999999973
彩香,30-34歳,女性,T008_011,"彩香(女性, 30-34歳) | 秀夫(男性, 50-54歳)",公共商業施設_飲食店,友人知人,1087,118,131.57999999999996
広子,60-64歳,女性,K006_013,"広子(女性, 60-64歳) | 軽部(男性, 65-69歳)",屋外,家族,1077,182,144.604
塚田,70-74歳,男性,T007_010,"塚田(男性, 70-74歳) | 芳恵(女性, 70-74歳)",自宅,家族,1075,101,135.46000000000052
昌美,35-39歳,女性,K005_031,"昌美(女性, 35-39歳) | 律子(女性, 35-39歳)",職場_相手の職場,友人知人,1043,119,139.19300000000004
広子,60-64歳,女性,K006_006,"広子(女性, 60-64歳) | 軽部(男性, 65-69歳)",交通機関_車,家族,1016,88,121.87599999999996
安藤,20-24歳,女性,T009_002,"安藤(女性, 20-24歳) | 桃子(女性, 50-54歳)",自宅,家族,912,139,121.177
船戸,65-69歳,女性,T021_007,"船戸(女性, 65-69歳) | 楓夏(女性, 10-14歳)",自宅,家族,882,135,148.16400000000002
湯本,25-29歳,男性,K007_014,"湯本(男性, 25-29歳) | 花梨(女性, 25-29歳)",自宅,友人知人,871,129,143.21300000000042
日野,55-59歳,女性,C002_005,"日野(女性, 55-59歳) | 智也(男性, 65-69歳)",交通機関_車,家族,772,90,111.25000000000071
日野,55-59歳,女性,C002_003,"日野(女性, 55-59歳) | 智也(男性, 65-69歳)",自宅,家族,668,62,87.2890000000003
徳,30-34歳,男性,T001_005,"広瀬(男性, 35-39歳) | 徳(男性, 30-34歳)",公共商業施設_飲食店,友人知人,658,80,82.89099999999976
樫田,65-69歳,男性,K010_017,"樫田(男性, 65-69歳) | 妻(女性, 50-54歳)",屋外,家族,564,73,107.61100000000023
久美,50-54歳,女性,K008_002,"久美(女性, 50-54歳) | 義母(女性, 90-94歳)",公共商業施設_医療福祉施設,家族,512,83,76.43799999999993
久美,50-54歳,女性,K008_003,"久美(女性, 50-54歳) | 和則(男性, 55-59歳)",自宅,家族,439,68,54.86299999999994
宍戸,10-14歳,男性,W003_002,"宍戸(男性, 10-14歳) | 種川(男性, 10-14歳)",公共商業施設_公共施設,友人知人,350,36,67.60200000000009
