conversation_id,core_speaker,gender_pair,mora_count,utterances,duration_seconds,location,relationship
T007_009,塚田,M-M,20735,783,3092.5580000000004,職場,同僚
T010_013,徹,M-M,15005,952,1715.4660000000001,公共商業施設_飲食店,友人知人
K011_005,川原,F-F,12376,799,2173.113999999996,公共商業施設_商業施設,サービス場面関係
S002_014,山口,M-M,11736,919,1763.9409999999962,室内_友人知人宅,友人知人
T014_018,吉田,F-F,10149,1194,1536.787000000003,室内_友人知人宅,友人知人
C001_003,玲子,F-F,9673,630,1471.4239999999993,自宅,友人知人
K003_005,詩織,F-F,9578,838,1300.3820000000005,屋外,友人知人
T021_016,船戸,F-F,7933,677,1389.1020000000017,自宅,親戚
T021_014,船戸,F-M,7912,534,1500.8159999999998,自宅,家族
T017_006,岡崎,F-F,7757,825,1086.067,自宅,友人知人
K006_020,広子,F-F,6981,571,960.1479999999985,職場,先生生徒
K006_023,広子,F-F,6918,566,962.7910000000005,自宅,友人知人
T010_005,徹,M-M,6781,931,705.1630000000007,自宅,友人知人
T010_009,徹,M-M,6589,452,793.6379999999992,学校,先生生徒
K007_007,湯本,M-M,6550,384,1086.1290000000008,職場,同僚
K004_007,島村,F-M,6493,763,1085.4239999999975,自宅,家族
C001_012,玲子,F-M,6437,392,958.0979999999952,室内_友人知人宅,同僚
T014_008,吉田,F-F,6357,786,884.9029999999984,室内_友人知人宅,同僚
K004_011,島村,F-M,6249,740,877.7540000000008,自宅,家族
K004_001,島村,F-F,5871,418,921.2980000000002,自宅,家族
K013_019,雪江,F-F,5749,824,758.6570000000038,室内_実家,家族
T004_006,一ノ宮,F-F,5694,291,1073.5179999999998,公共商業施設_商業施設,サービス場面関係
K013_004,雪江,F-M,5674,544,680.3290000000003,室内_友人知人宅,友人知人
K006_016,広子,F-F,5593,529,771.7900000000003,自宅,友人知人
K006_018,広子,F-F,5548,494,743.7299999999998,職場,仕事関係
T018_022,根本,M-M,5379,511,720.7350000000018,職場,先生生徒
K006_009,安村,F-F,5352,390,840.7070000000003,職場,仕事関係
S002_005,山口,M-M,5323,453,746.5990000000011,公共商業施設_飲食店,仕事関係
K005_028,昌美,F-M,5239,485,666.8959999999996,職場_相手の職場,友人知人
K007_015,湯本,F-M,5232,711,799.293999999999,自宅,友人知人
T001_002,優香,F-M,5144,786,690.7519999999959,自宅,家族
W007_002,白石,F-M,5081,465,719.3689999999992,公共商業施設_飲食店,仕事関係
K002_016,杉田,F-F,5023,418,663.2480000000003,公共商業施設_宿泊施設,友人知人
K013_012,雪江,F-M,5002,687,536.9549999999972,自宅,友人知人
K007_020,湯本,M-M,4861,273,802.4669999999998,職場,先生生徒
K002_007,杉田,F-F,4844,414,600.4200000000006,自宅,家族
K012_001,平沢,F-M,4710,272,753.4090000000003,職場_相手の職場,友人知人
K005_020,昌美,F-M,4635,500,625.8989999999976,室内_実家,家族
K003_006,詩織,F-F,4572,407,597.5390000000007,学校,友人知人
T018_021,根本,M-M,4469,227,593.1550000000018,自宅,友人知人
T006_001,尾形,F-M,4263,269,633.9279999999992,学校,先生生徒
T006_005,尾形,M-M,4166,412,665.4309999999992,自宅,友人知人
T007_004,塚田,M-M,4154,315,509.64399999999995,室内_実家,家族
C001_013,玲子,F-M,4071,279,592.803000000001,室内_友人知人宅,同僚
T002_019,直也,F-M,4031,280,629.1850000000007,公共商業施設_飲食店,仕事関係
K003_008,詩織,F-F,3851,468,517.1999999999989,公共商業施設_飲食店,友人知人
T020_006,槇原,F-M,3769,304,506.4910000000003,職場,先生生徒
T021_002,船戸,F-F,3766,331,665.6619999999984,自宅,友人知人
T013_003,溝口,F-M,3734,364,483.550000000002,屋外,家族
K005_002,昌美,F-M,3636,439,468.7849999999987,自宅,友人知人
K005_016,昌美,F-F,3480,442,476.4579999999986,自宅,友人知人
K005_006,昌美,F-F,3452,362,451.2760000000002,公共商業施設_医療福祉施設,家族
K001_019,萌,F-F,3346,293,676.4320000000005,自宅,家族
T021_005,船戸,F-F,3333,347,579.3529999999997,自宅,友人知人
T002_012,直也,F-M,3266,347,469.13599999999946,公共商業施設_飲食店,家族
T019_016,原田,M-M,3254,436,428.5329999999975,自宅,家族
T009_017,安藤,F-M,3251,403,463.35999999999797,屋外,友人知人
K005_033,昌美,F-M,3143,251,372.1029999999997,自宅,友人知人
T014_012,吉田,F-F,3134,322,508.7289999999994,職場,同僚
T023_007,指田,M-M,3066,255,433.0789999999998,自宅,友人知人
T008_013,彩香,F-M,3014,307,366.1660000000005,自宅,家族
K001_004,萌,F-F,3008,264,498.7390000000006,公共商業施設_飲食店,友人知人
C002_004,日野,F-M,2999,260,407.25900000000087,自宅,家族
T023_013,指田,F-M,2900,246,423.5399999999994,交通機関_車,家族
T013_001,溝口,F-M,2873,182,374.11800000000005,自宅,家族
T008_009,彩香,F-M,2799,234,366.655,自宅,家族
T017_018,岡崎,F-F,2790,320,406.3839999999998,公共商業施設_飲食店,友人知人
K001_011,萌,F-F,2788,396,519.2839999999998,自宅,友人知人
T021_003,船戸,F-M,2771,285,463.9009999999997,自宅,家族
T020_009,槇原,F-M,2743,369,385.48700000000065,職場,同僚
K003_003,詩織,F-F,2708,271,346.08700000000107,職場,家族
T017_012,岡崎,F-M,2690,299,375.5720000000004,自宅,サービス場面関係
T016_003,慎吾,F-M,2655,249,452.3169999999998,自宅,家族
T008_021,彩香,F-F,2633,239,325.88399999999973,室内_実家,家族
T023_017,指田,M-M,2624,255,356.01399999999876,交通機関_車,元同僚
K001_010,萌,F-F,2595,336,413.1920000000001,公共商業施設_飲食店,友人知人
T015_003,小川,M-M,2525,186,344.271000000001,職場,仕事関係
T009_001,安藤,F-F,2518,304,345.4329999999999,自宅,家族
T015_010,小川,F-M,2482,317,334.85699999999974,職場_相手の職場,仕事関係
T002_018,直也,F-M,2391,183,372.0080000000005,公共商業施設_飲食店,家族
K007_005,湯本,M-M,2313,180,359.678,職場,同僚
T008_008,彩香,F-F,2289,192,291.0920000000002,室内_実家,家族
T022_009,雪室,F-M,2273,326,360.4739999999988,自宅,友人知人
T013_020,溝口,M-M,2217,261,275.60499999999996,交通機関_車,友人知人
K007_017,湯本,F-M,2208,371,378.7129999999996,自宅,友人知人
T017_016,岡崎,F-F,2186,190,265.8019999999997,自宅,家族
T001_008,広瀬,M-M,2176,206,299.36000000000035,公共商業施設_飲食店,元同僚
K001_008,萌,F-F,2133,208,340.2199999999991,公共商業施設_飲食店,家族
K007_001,湯本,F-M,2018,228,298.3190000000006,公共商業施設_飲食店,友人知人
T020_003,槇原,F-M,2008,122,330.2020000000002,職場,同僚
T022_005,雪室,F-M,1981,233,301.2800000000001,交通機関_電車,友人知人
K013_017,雪江,F-M,1965,229,243.90099999999978,室内_友人知人宅,友人知人
T008_004,彩香,F-M,1957,192,255.9170000000006,自宅,家族
K003_017,詩織,F-F,1908,303,291.9079999999993,学校,友人知人
C001_006,玲子,F-F,1877,195,266.6980000000009,屋外,家族
T013_005,溝口,F-M,1877,132,261.20100000000025,自宅,家族
T008_003,彩香,F-M,1867,166,249.62600000000003,自宅,家族
K005_005,昌美,F-F,1850,238,298.6990000000001,職場,友人知人
T004_016,一ノ宮,F-M,1834,184,311.72599999999966,交通機関_車,家族
T022_003,雪室,F-M,1802,174,289.24800000000016,自宅,友人知人
K007_013,湯本,F-M,1772,207,273.02399999999955,自宅,友人知人
K009_007,美乃梨,F-F,1674,230,190.24799999999982,公共商業施設_飲食店,友人知人
K012_006,平沢,M-M,1614,204,217.73899999999907,自宅,家族
K007_003,湯本,F-M,1600,155,202.27699999999965,自宅,友人知人
T021_015,船戸,F-F,1588,161,271.01900000000023,自宅,友人知人
C001_002,玲子,F-F,1513,183,240.49800000000008,室内_友人知人宅,友人知人
K001_009,萌,F-F,1490,208,234.25000000000057,屋外,友人知人
T016_008,慎吾,F-M,1489,179,267.3239999999999,職場_相手の職場,仕事関係
K007_006,湯本,F-M,1488,137,225.78199999999993,自宅,友人知人
K010_006,樫田,M-M,1456,119,265.1179999999998,公共商業施設_飲食店,友人知人
T018_017,根本,M-M,1424,159,168.5789999999999,自宅,友人知人
K010_008,樫田,M-M,1397,88,280.54199999999986,職場_相手の職場,家族
T016_005,慎吾,M-M,1338,252,169.52299999999997,自宅,家族
T023_001,指田,F-M,1305,165,167.5360000000004,自宅,家族
S001_013,健,F-M,1295,107,249.54699999999985,自宅,家族
T022_012,雪室,M-M,1235,148,193.68199999999973,交通機関_電車,友人知人
T013_007,溝口,F-M,1223,107,162.87600000000003,自宅,家族
T001_007,広瀬,F-M,1181,159,165.9150000000011,自宅,家族
C001_005,玲子,F-F,1122,123,179.06099999999998,屋外,家族
T008_020,彩香,F-M,1088,118,130.14499999999973,屋外,家族
T008_011,彩香,F-M,1087,118,131.57999999999996,公共商業施設_飲食店,友人知人
K006_013,広子,F-M,1077,182,144.604,屋外,家族
T007_010,塚田,F-M,1075,101,135.46000000000052,自宅,家族
K005_031,昌美,F-F,1043,119,139.19300000000004,職場_相手の職場,友人知人
K006_006,広子,F-M,1016,88,121.87599999999996,交通機関_車,家族
T009_002,安藤,F-F,912,139,121.177,自宅,家族
T021_007,船戸,F-F,882,135,148.16400000000002,自宅,家族
K007_014,湯本,F-M,871,129,143.21300000000042,自宅,友人知人
C002_005,日野,F-M,772,90,111.25000000000071,交通機関_車,家族
C002_003,日野,F-M,668,62,87.2890000000003,自宅,家族
T001_005,徳,M-M,658,80,82.89099999999976,公共商業施設_飲食店,友人知人
K010_017,樫田,F-M,564,73,107.61100000000023,屋外,家族
K008_002,久美,F-F,512,83,76.43799999999993,公共商業施設_医療福祉施設,家族
K008_003,久美,F-M,439,68,54.86299999999994,自宅,家族
W003_002,宍戸,M-M,350,36,67.60200000000009,公共商業施設_公共施設,友人知人
