core_speaker,gender,age,total_mora,num_conversations,num_utterances,total_duration_seconds,avg_mora_per_conversation,avg_mora_per_utterance,mora_per_second
湯本,男性,25-29歳,28913,10,2775,4568.9,2891.3,10.42,6.33
徹,男性,20-24歳,28375,3,2335,3214.27,9458.33,12.15,8.83
船戸,女性,65-69歳,28185,7,2470,5018.02,4026.43,11.41,5.62
広子,女性,60-64歳,27133,6,2430,3704.94,4522.17,11.17,7.32
昌美,女性,35-39歳,26478,8,2836,3499.31,3309.75,9.34,7.57
塚田,男性,70-74歳,25964,3,1199,3737.66,8654.67,21.65,6.95
玲子,女性,40-44歳,24693,6,1802,3708.58,4115.5,13.7,6.66
詩織,女性,20-24歳,22617,5,2287,3053.12,4523.4,9.89,7.41
吉田,女性,45-49歳,19640,3,2302,2930.42,6546.67,8.53,6.7
島村,女性,40-44歳,18613,3,1921,2884.48,6204.33,9.69,6.45
雪江,女性,25-29歳,18390,4,2284,2219.84,4597.5,8.05,8.28
山口,男性,35-39歳,17059,2,1372,2510.54,8529.5,12.43,6.79
彩香,女性,30-34歳,16734,8,1566,2117.07,2091.75,10.69,7.9
岡崎,女性,60-64歳,15423,4,1634,2133.82,3855.75,9.44,7.23
萌,女性,35-39歳,15360,6,1705,2682.12,2560.0,9.01,5.73
川原,女性,50-54歳,12376,1,799,2173.11,12376.0,15.49,5.7
溝口,男性,65-69歳,11924,5,1046,1557.35,2384.8,11.4,7.66
根本,男性,50-54歳,11272,3,897,1482.47,3757.33,12.57,7.6
指田,男性,60-64歳,9895,4,921,1380.17,2473.75,10.74,7.17
杉田,女性,50-54歳,9867,2,832,1263.67,4933.5,11.86,7.81
直也,男性,40-44歳,9688,3,810,1470.33,3229.33,11.96,6.59
槇原,男性,40-44歳,8520,3,795,1222.18,2840.0,10.72,6.97
尾形,男性,25-29歳,8429,2,681,1299.36,4214.5,12.38,6.49
一ノ宮,女性,60-64歳,7528,2,475,1385.24,3764.0,15.85,5.43
雪室,男性,25-29歳,7291,4,881,1144.68,1822.75,8.28,6.37
安藤,女性,20-24歳,6681,3,846,929.97,2227.0,7.9,7.18
平沢,男性,30-34歳,6324,2,476,971.15,3162.0,13.29,6.51
慎吾,男性,40-44歳,5482,3,680,889.16,1827.33,8.06,6.17
安村,女性,40-44歳,5352,1,390,840.71,5352.0,13.72,6.37
優香,女性,30-34歳,5144,1,786,690.75,5144.0,6.54,7.45
白石,男性,30-34歳,5081,1,465,719.37,5081.0,10.93,7.06
小川,男性,50-54歳,5007,2,503,679.13,2503.5,9.95,7.37
日野,女性,55-59歳,4439,3,412,605.8,1479.67,10.77,7.33
樫田,男性,65-69歳,3417,3,280,653.27,1139.0,12.2,5.23
広瀬,男性,35-39歳,3357,2,365,465.28,1678.5,9.2,7.22
原田,男性,40-44歳,3254,1,436,428.53,3254.0,7.46,7.59
美乃梨,女性,25-29歳,1674,1,230,190.25,1674.0,7.28,8.8
健,男性,50-54歳,1295,1,107,249.55,1295.0,12.1,5.19
久美,女性,50-54歳,951,2,151,131.3,475.5,6.3,7.24
徳,男性,30-34歳,658,1,80,82.89,658.0,8.22,7.94
宍戸,男性,10-14歳,350,1,36,67.6,350.0,9.72,5.18
澄香,女性,15-19歳,0,0,0,0.0,0.0,0.0,0.0
堂本,男性,30-34歳,0,0,0,0.0,0.0,0.0,0.0
