session_id,conversation_id,core_speaker,core_speaker_age,core_speaker_gender,all_speakers,all_speakers_detailed,num_speakers,conversation_overview,location,relationship,csv_file,exclude_reason
C001_001,C001_001,玲子,40-44歳,女性,"玲子, 夏樹, 美沙, 可奈子, 美香, 店員","玲子(女性, 40-44歳) | 夏樹(女性, 45-49歳) | 美沙(女性, 40-44歳) | 可奈子(女性, 35-39歳) | 美香(女性, 40-44歳) | 店員(男性, nan)",6,飲食店で友人たちと誕生日会,公共商業施設_飲食店,友人知人,C001_001.csv,Unknown/missing age or gender data
C001_004,C001_004,玲子,40-44歳,女性,"玲子, 辰嶋, 店員","玲子(女性, 40-44歳) | 辰嶋(男性, 35-39歳) | 店員(男性, nan)",3,飲食店で同僚と飲みながら,公共商業施設_飲食店,同僚,C001_004.csv,Unknown/missing age or gender data
C001_007,C001_007,玲子,40-44歳,女性,"玲子, 父, 母","玲子(女性, 40-44歳) | 父(男性, 70-74歳) | 母(女性, 70-74歳)",3,実家で両親とニュースを見ながら夕食,室内_実家,家族,C001_007.csv,3+ speakers (対象外): 3 speakers
C002_006,C002_006a,日野,55-59歳,女性,"日野, 美佳, 遥, 水野","日野(女性, 55-59歳) | 美佳(女性, 55-59歳) | 遥(女性, 55-59歳) | 水野(女性, 60-64歳)",4,ライブハウスで友人たちと雑談,公共商業施設_商業施設,友人知人,C002_006a.csv,3+ speakers (対象外): 4 speakers
C002_006,C002_006b,日野,55-59歳,女性,"日野, 美佳, 遥, 水野","日野(女性, 55-59歳) | 美佳(女性, 55-59歳) | 遥(女性, 55-59歳) | 水野(女性, 60-64歳)",4,ライブハウスで友人たちと雑談,公共商業施設_商業施設,友人知人,C002_006b.csv,3+ speakers (対象外): 4 speakers
C002_006,C002_006c,日野,55-59歳,女性,"日野, 美佳, 遥, 水野","日野(女性, 55-59歳) | 美佳(女性, 55-59歳) | 遥(女性, 55-59歳) | 水野(女性, 60-64歳)",4,ライブハウスで友人たちと雑談,公共商業施設_商業施設,友人知人,C002_006c.csv,3+ speakers (対象外): 4 speakers
C002_007,C002_007,日野,55-59歳,女性,"日野, 智也, 正和","日野(女性, 55-59歳) | 智也(男性, 65-69歳) | 正和(男性, 20-24歳)",3,配偶者・息子と車で移動中,交通機関_車,家族,C002_007.csv,3+ speakers (対象外): 3 speakers
C002_008,C002_008,日野,55-59歳,女性,"日野, 正和, スタッフ","日野(女性, 55-59歳) | 正和(男性, 20-24歳) | スタッフ(男性, nan)",3,買い物のため息子と車で移動中,交通機関_車,家族,C002_008.csv,Unknown/missing age or gender data
C002_014,C002_014a,日野,55-59歳,女性,"日野, 加奈子, 山下","日野(女性, 55-59歳) | 加奈子(女性, 50-54歳) | 山下(男性, 55-59歳)",3,飲食店で知人たちと夕食を取りながら,公共商業施設_飲食店,友人知人,C002_014a.csv,3+ speakers (対象外): 3 speakers
C002_014,C002_014b,日野,55-59歳,女性,"日野, 加奈子, 山下","日野(女性, 55-59歳) | 加奈子(女性, 50-54歳) | 山下(男性, 55-59歳)",3,飲食店で知人たちと夕食を取りながら,公共商業施設_飲食店,友人知人,C002_014b.csv,3+ speakers (対象外): 3 speakers
C002_015,C002_015,日野,55-59歳,女性,"日野, 依田, 小島","日野(女性, 55-59歳) | 依田(女性, 55-59歳) | 小島(女性, 35-39歳)",3,ライブハウスで知人たちと雑談,公共商業施設_商業施設,友人知人,C002_015.csv,3+ speakers (対象外): 3 speakers
C002_016,C002_016,日野,55-59歳,女性,"日野, さくら, 店員","日野(女性, 55-59歳) | さくら(女性, 60-64歳) | 店員(女性, nan)",3,飲食店で姉と昼食を取りながら,公共商業施設_飲食店,家族,C002_016.csv,Unknown/missing age or gender data
K001_003,K001_003a,萌,35-39歳,女性,"萌, 玲奈, 佐久","萌(女性, 35-39歳) | 玲奈(女性, 55-59歳) | 佐久(女性, 35-39歳)",3,飲食店で友人たちとお茶をしながら,公共商業施設_飲食店,友人知人,K001_003a.csv,3+ speakers (対象外): 3 speakers
K001_003,K001_003b,萌,35-39歳,女性,"萌, 玲奈, 佐久","萌(女性, 35-39歳) | 玲奈(女性, 55-59歳) | 佐久(女性, 35-39歳)",3,飲食店で友人たちとお茶をしながら,公共商業施設_飲食店,友人知人,K001_003b.csv,3+ speakers (対象外): 3 speakers
K001_013,K001_013,萌,35-39歳,女性,"萌, 佐久, いっくん, 店員","萌(女性, 35-39歳) | 佐久(女性, 35-39歳) | いっくん(男性, 40-44歳) | 店員(女性, nan)",4,飲食店で友人たちと夕食を取りながら,公共商業施設_飲食店,友人知人,K001_013.csv,Unknown/missing age or gender data
K001_014,K001_014,萌,35-39歳,女性,"萌, 奈津子, 店員","萌(女性, 35-39歳) | 奈津子(女性, 35-39歳) | 店員(女性, nan)",3,飲食店で友人と旅行の相談,公共商業施設_飲食店,友人知人,K001_014.csv,Unknown/missing age or gender data
K001_016,K001_016,萌,35-39歳,女性,"萌, 中根, 舞, 健, 沙知","萌(女性, 35-39歳) | 中根(女性, 35-39歳) | 舞(女性, 45-49歳) | 健(男性, 50-54歳) | 沙知(女性, 40-44歳)",5,飲食店で友人・店員と雑談,公共商業施設_飲食店,友人知人・同僚・サービス場面関係,K001_016.csv,3+ speakers (対象外): 5 speakers
K001_017,K001_017,萌,35-39歳,女性,"萌, 歩, 店員","萌(女性, 35-39歳) | 歩(女性, 25-29歳) | 店員(男性, nan)",3,飲食店で後輩と夕食を取りながら,公共商業施設_飲食店,友人知人,K001_017.csv,Unknown/missing age or gender data
K002_003,K002_003b,杉田,50-54歳,女性,"杉田, ケンチャン, 沙織, 中沢","杉田(女性, 50-54歳) | ケンチャン(男性, 35-39歳) | 沙織(女性, 15-19歳) | 中沢(女性, 50-54歳)",4,自営店舗で知人からマッサージを受けながら,職場,友人知人,K002_003b.csv,3+ speakers (対象外): 4 speakers
K002_004,K002_004,杉田,50-54歳,女性,"杉田, 川内, 取引先, よっしー","杉田(女性, 50-54歳) | 川内(女性, 45-49歳) | 取引先(女性, nan) | よっしー(女性, nan)",4,自営店舗で仕事関係者と仕事の打合せ,職場,仕事関係,K002_004.csv,Unknown/missing age or gender data
K002_010,K002_010,杉田,50-54歳,女性,"杉田, 優子, 店員","杉田(女性, 50-54歳) | 優子(女性, 50-54歳) | 店員(女性, nan)",3,飲食店で友人と仕事の打合せ,公共商業施設_飲食店,友人知人,K002_010.csv,Unknown/missing age or gender data
K002_012,K002_012,杉田,50-54歳,女性,"杉田, 朔也, 咲子","杉田(女性, 50-54歳) | 朔也(男性, 10-14歳) | 咲子(女性, 45-49歳)",3,自営店舗で友人と雑談,職場,友人知人,K002_012.csv,3+ speakers (対象外): 3 speakers
K002_014,K002_014,杉田,50-54歳,女性,"杉田, 朔也, 夫, スタッフ","杉田(女性, 50-54歳) | 朔也(男性, 10-14歳) | 夫(男性, 45-49歳) | スタッフ(男性, nan)",4,宿泊施設の部屋で配偶者・息子と朝食を取りながら,公共商業施設_宿泊施設,家族,K002_014.csv,Unknown/missing age or gender data
K002_015,K002_015,杉田,50-54歳,女性,"杉田, 三上, 朔也, 夫","杉田(女性, 50-54歳) | 三上(女性, 35-39歳) | 朔也(男性, 10-14歳) | 夫(男性, 45-49歳)",4,宿泊施設の部屋で配偶者・息子・友人と雑談,公共商業施設_宿泊施設,友人知人・家族,K002_015.csv,3+ speakers (対象外): 4 speakers
K002_017,K002_017,杉田,50-54歳,女性,"杉田, 沙織, 朔也","杉田(女性, 50-54歳) | 沙織(女性, 15-19歳) | 朔也(男性, 10-14歳)",3,自宅で息子・娘と朝の支度をしながら,自宅,家族,K002_017.csv,3+ speakers (対象外): 3 speakers
K002_018,K002_018,杉田,50-54歳,女性,"杉田, はるか, 三上, 美鈴, 店員","杉田(女性, 50-54歳) | はるか(女性, 35-39歳) | 三上(女性, 35-39歳) | 美鈴(女性, 45-49歳) | 店員(女性, nan)",5,飲食店で友人たちと昼食を取りながら,公共商業施設_飲食店,友人知人,K002_018.csv,Unknown/missing age or gender data
K003_012,K003_012a,詩織,20-24歳,女性,"詩織, さっちー, 店員","詩織(女性, 20-24歳) | さっちー(女性, 20-24歳) | 店員(女性, nan)",3,飲食店で友人と夕食を取りながら,公共商業施設_飲食店,友人知人,K003_012a.csv,Unknown/missing age or gender data
K003_012,K003_012b,詩織,20-24歳,女性,"詩織, さっちー, 店員","詩織(女性, 20-24歳) | さっちー(女性, 20-24歳) | 店員(男性, nan)",3,飲食店で友人と夕食を取りながら,公共商業施設_飲食店,友人知人,K003_012b.csv,Unknown/missing age or gender data
K003_013,K003_013a,詩織,20-24歳,女性,"詩織, 母, 父","詩織(女性, 20-24歳) | 母(女性, 50-54歳) | 父(男性, 55-59歳)",3,母の店舗で母と店番をしながら,職場,家族,K003_013a.csv,3+ speakers (対象外): 3 speakers
K003_013,K003_013b,詩織,20-24歳,女性,"詩織, 母, 父","詩織(女性, 20-24歳) | 母(女性, 50-54歳) | 父(男性, 55-59歳)",3,母の店舗で母と店番をしながら,職場,家族,K003_013b.csv,3+ speakers (対象外): 3 speakers
K003_014,K003_014,詩織,20-24歳,女性,"詩織, 母, 父","詩織(女性, 20-24歳) | 母(女性, 50-54歳) | 父(男性, 55-59歳)",3,母の店舗で両親と店番をしながら,職場,家族,K003_014.csv,3+ speakers (対象外): 3 speakers
K004_005,K004_005,島村,40-44歳,女性,"島村, 小島, 翔, 環奈","島村(女性, 40-44歳) | 小島(男性, 40-44歳) | 翔(男性, 5-9歳) | 環奈(女性, 40-44歳)",4,グラウンドで息子のサッカーの応援をしながら,屋外,友人知人,K004_005.csv,3+ speakers (対象外): 4 speakers
K004_008,K004_008,島村,40-44歳,女性,"島村, すみれ, はるな","島村(女性, 40-44歳) | すみれ(女性, 45-49歳) | はるな(女性, 45-49歳)",3,友人宅で友人たちとお茶をしながら,室内_友人知人宅,友人知人,K004_008.csv,3+ speakers (対象外): 3 speakers
K004_010,K004_010,島村,40-44歳,女性,"島村, 歯科医, 助手","島村(女性, 40-44歳) | 歯科医(男性, 50-54歳) | 助手(女性, 40-44歳)",3,歯科医院で歯の定期検診,公共商業施設_医療福祉施設,サービス場面関係,K004_010.csv,3+ speakers (対象外): 3 speakers
K004_012,K004_012,島村,40-44歳,女性,"島村, 長門, 木場, 恩田, 磯村","島村(女性, 40-44歳) | 長門(女性, 35-39歳) | 木場(女性, 35-39歳) | 恩田(女性, 50-54歳) | 磯村(女性, 45-49歳)",5,研究機関で上司・同僚と昼食を取りながら,職場,同僚,K004_012.csv,3+ speakers (対象外): 5 speakers
K004_013,K004_013,島村,40-44歳,女性,"島村, 長尾, 佐和, 米山, 篠崎","島村(女性, 40-44歳) | 長尾(女性, 50-54歳) | 佐和(女性, 50-54歳) | 米山(女性, 50-54歳) | 篠崎(女性, 55-59歳)",5,書店で同僚たちと会議,職場,同僚,K004_013.csv,3+ speakers (対象外): 5 speakers
K004_015,K004_015,島村,40-44歳,女性,"島村, 美穂, 涼, 真紀, 店員","島村(女性, 40-44歳) | 美穂(女性, 40-44歳) | 涼(男性, 0-4歳) | 真紀(女性, 40-44歳) | 店員(女性, nan)",5,飲食店で知人親子とお茶をしながら,公共商業施設_飲食店,友人知人・家族,K004_015.csv,Unknown/missing age or gender data
K004_017,K004_017,島村,40-44歳,女性,"島村, 謙三郎, 悠次郎, 聡太郎","島村(女性, 40-44歳) | 謙三郎(男性, 10-14歳) | 悠次郎(男性, 15-19歳) | 聡太郎(男性, 15-19歳)",4,自宅で息子たちと昼食を取りながら,自宅,家族,K004_017.csv,3+ speakers (対象外): 4 speakers
K004_020,K004_020,島村,40-44歳,女性,"島村, 謙三郎, 悠次郎, 聡太郎","島村(女性, 40-44歳) | 謙三郎(男性, 10-14歳) | 悠次郎(男性, 15-19歳) | 聡太郎(男性, 15-19歳)",4,自宅で息子たちと料理および昼食,自宅,家族,K004_020.csv,3+ speakers (対象外): 4 speakers
K004_022,K004_022,島村,40-44歳,女性,"島村, 聡太郎, 智明, 紀子","島村(女性, 40-44歳) | 聡太郎(男性, 15-19歳) | 智明(男性, 45-49歳) | 紀子(女性, 80-84歳)",4,配偶者の実家で配偶者・息子・義母と雑談,室内_実家,家族,K004_022.csv,3+ speakers (対象外): 4 speakers
K005_001,K005_001,辰雄,65-69歳,男性,"昌美, 辰雄, 和代","昌美(女性, 35-39歳) | 辰雄(男性, 65-69歳) | 和代(女性, 65-69歳)",3,実家で両親に授業内容の相談,室内_実家,家族,K005_001.csv,3+ speakers (対象外): 3 speakers
K005_003,K005_003,昌美,35-39歳,女性,"昌美, 辰雄, 和代, 哲也","昌美(女性, 35-39歳) | 辰雄(男性, 65-69歳) | 和代(女性, 65-69歳) | 哲也(男性, 60-64歳)",4,おじの家で両親・おじと雑談,室内_親類宅,家族・親戚,K005_003.csv,3+ speakers (対象外): 4 speakers
K005_012,K005_012,昌美,35-39歳,女性,"昌美, 辰雄, 和代, 房","昌美(女性, 35-39歳) | 辰雄(男性, 65-69歳) | 和代(女性, 65-69歳) | 房(女性, 95-99歳)",4,母の実家で両親・祖母と遺品整理,室内_家族宅,家族,K005_012.csv,3+ speakers (対象外): 4 speakers
K005_021,K005_021b,昌美,35-39歳,女性,"昌美, 理恵子, 矢恵, 敦志","昌美(女性, 35-39歳) | 理恵子(女性, 40-44歳) | 矢恵(女性, 40-44歳) | 敦志(男性, 0-4歳)",4,友人宅の庭で友人親子・知人と染め作業をしながら,屋外,友人知人・家族,K005_021b.csv,3+ speakers (対象外): 4 speakers
K005_021,K005_021a,昌美,35-39歳,女性,"昌美, 理恵子, 矢恵, 敦志, 友人の夫","昌美(女性, 35-39歳) | 理恵子(女性, 40-44歳) | 矢恵(女性, 40-44歳) | 敦志(男性, 0-4歳) | 友人の夫(男性, nan)",5,友人宅の庭で友人親子・知人と染め作業をしながら,屋外,友人知人・家族,K005_021a.csv,Unknown/missing age or gender data
K005_024,K005_024,和代,65-69歳,女性,"昌美, 辰雄, 和代","昌美(女性, 35-39歳) | 辰雄(男性, 65-69歳) | 和代(女性, 65-69歳)",3,移動中に母に電話で買い物の相談,屋外,家族,K005_024.csv,3+ speakers (対象外): 3 speakers
K005_027,K005_027,美穂,0-4歳,女性,"昌美, 美穂, 折井","昌美(女性, 35-39歳) | 美穂(女性, 0-4歳) | 折井(女性, 35-39歳)",3,友人宅でパタンナーの友人にヘアバンド製作の相談,室内_友人知人宅,仕事関係,K005_027.csv,3+ speakers (対象外): 3 speakers
K006_011,K006_011,広子,60-64歳,女性,"広子, 千早, 客","広子(女性, 60-64歳) | 千早(女性, 35-39歳) | 客(女性, nan)",3,レンタルスペースで娘と仕事の相談,職場,家族,K006_011.csv,Unknown/missing age or gender data
K006_017,K006_017,広子,60-64歳,女性,"広子, 矢沢, 小林","広子(女性, 60-64歳) | 矢沢(女性, 45-49歳) | 小林(女性, 50-54歳)",3,自宅スクールで生徒たちとイベントの相談,職場,友人知人・先生生徒,K006_017.csv,3+ speakers (対象外): 3 speakers
K006_021,K006_021,広子,60-64歳,女性,"広子, 軽部, 夏目","広子(女性, 60-64歳) | 軽部(男性, 65-69歳) | 夏目(女性, 55-59歳)",3,習字教室で配偶者と習字を習いながら,公共商業施設_スクール,家族・先生生徒,K006_021.csv,3+ speakers (対象外): 3 speakers
K007_008,K007_008,湯本,25-29歳,男性,"湯本, 花梨, 白石","湯本(男性, 25-29歳) | 花梨(女性, 25-29歳) | 白石(男性, 30-34歳)",3,自宅で友人と共同プロジェクトの相談,自宅,仕事関係,K007_008.csv,3+ speakers (対象外): 3 speakers
K007_016,K007_016,湯本,25-29歳,男性,"湯本, 笹川, 学生","湯本(男性, 25-29歳) | 笹川(男性, 25-29歳) | 学生(女性, nan)",3,大学で同僚と雑談,職場,同僚,K007_016.csv,Unknown/missing age or gender data
K007_018,K007_018,湯本,25-29歳,男性,"湯本, 三崎, 笹川, 相原, 樋口, 佐伯, 蓮","湯本(男性, 25-29歳) | 三崎(男性, 25-29歳) | 笹川(男性, 25-29歳) | 相原(女性, 20-24歳) | 樋口(男性, 20-24歳) | 佐伯(男性, 40-44歳) | 蓮(男性, 15-19歳)",7,大学で上司・同僚・学生とイベント企画の打合せ,職場,友人知人・同僚・先生生徒,K007_018.csv,3+ speakers (対象外): 7 speakers
K007_019,K007_019,湯本,25-29歳,男性,"湯本, 三崎, 相原","湯本(男性, 25-29歳) | 三崎(男性, 25-29歳) | 相原(女性, 20-24歳)",3,大学で同僚たち・学生と企画会議,職場,同僚・先生生徒,K007_019.csv,3+ speakers (対象外): 3 speakers
K008_001,K008_001b,深石,45-49歳,女性,"久美, 深石, 鶴賀","久美(女性, 50-54歳) | 深石(女性, 45-49歳) | 鶴賀(女性, 55-59歳)",3,友人宅で友人たちとホームパーティ,室内_友人知人宅,友人知人,K008_001b.csv,3+ speakers (対象外): 3 speakers
K008_001,K008_001a,深石,45-49歳,女性,"久美, 深石, 鶴賀","久美(女性, 50-54歳) | 深石(女性, 45-49歳) | 鶴賀(女性, 55-59歳)",3,友人宅で友人たちとホームパーティ,室内_友人知人宅,友人知人,K008_001a.csv,3+ speakers (対象外): 3 speakers
K008_004,K008_004b,久美,50-54歳,女性,"久美, 栗木, 業者, 業者","久美(女性, 50-54歳) | 栗木(男性, 40-44歳) | 業者(男性, nan) | 業者(男性, nan)",4,美容院で美容師と雑談,公共商業施設_商業施設,サービス場面関係,K008_004b.csv,Unknown/missing age or gender data
K008_005,K008_005,久美,50-54歳,女性,"久美, 母, 父","久美(女性, 50-54歳) | 母(女性, 75-79歳) | 父(男性, 80-84歳)",3,実家で母と料理,室内_実家,家族,K008_005.csv,3+ speakers (対象外): 3 speakers
K008_010,K008_010,久美,50-54歳,女性,"久美, 美和子, 店員","久美(女性, 50-54歳) | 美和子(女性, 55-59歳) | 店員(女性, nan)",3,飲食店で友人と昼食を取りながら,公共商業施設_飲食店,友人知人,K008_010.csv,Unknown/missing age or gender data
K008_013,K008_013,久美,50-54歳,女性,"久美, 和則, スタッフ","久美(女性, 50-54歳) | 和則(男性, 55-59歳) | スタッフ(男性, nan)",3,近所の神社で配偶者と初詣,屋外,家族,K008_013.csv,Unknown/missing age or gender data
K008_015,K008_015,久美,50-54歳,女性,"久美, 道枝, 店員, 店員","久美(女性, 50-54歳) | 道枝(女性, 60-64歳) | 店員(男性, nan) | 店員(女性, nan)",4,飲食店で知人と昼食を取りながら,公共商業施設_飲食店,友人知人,K008_015.csv,Unknown/missing age or gender data
K008_016,K008_016,久美,50-54歳,女性,"久美, 理代子, 店員","久美(女性, 50-54歳) | 理代子(女性, 45-49歳) | 店員(女性, nan)",3,飲食店で友人と昼食を取りながら,公共商業施設_飲食店,友人知人,K008_016.csv,Unknown/missing age or gender data
K008_019,K008_019,久美,50-54歳,女性,"久美, 和則, 母, 父","久美(女性, 50-54歳) | 和則(男性, 55-59歳) | 母(女性, 75-79歳) | 父(男性, 80-84歳)",4,実家で配偶者・両親と昼食を取りながら,室内_実家,家族,K008_019.csv,3+ speakers (対象外): 4 speakers
K009_002,K009_002,美乃梨,25-29歳,女性,"美乃梨, 登美男, 紀世子","美乃梨(女性, 25-29歳) | 登美男(男性, 60-64歳) | 紀世子(女性, 55-59歳)",3,自宅で両親とお茶をしながら,自宅,家族,K009_002.csv,3+ speakers (対象外): 3 speakers
K009_003,K009_003,美乃梨,25-29歳,女性,"美乃梨, 登美男, 紀世子","美乃梨(女性, 25-29歳) | 登美男(男性, 60-64歳) | 紀世子(女性, 55-59歳)",3,自宅で両親と夕食を取りながら,自宅,家族,K009_003.csv,3+ speakers (対象外): 3 speakers
K009_006,K009_006,美乃梨,25-29歳,女性,"美乃梨, 紀世子, 治和, トシ子, 他吉","美乃梨(女性, 25-29歳) | 紀世子(女性, 55-59歳) | 治和(男性, 60-64歳) | トシ子(女性, 90-94歳) | 他吉(男性, 90-94歳)",5,知人宅で母・知人家族と雑談,室内_友人知人宅,友人知人・家族,K009_006.csv,3+ speakers (対象外): 5 speakers
K009_008,K009_008,美乃梨,25-29歳,女性,"美乃梨, 登美男, 紀世子","美乃梨(女性, 25-29歳) | 登美男(男性, 60-64歳) | 紀世子(女性, 55-59歳)",3,自宅で両親と夕食を取りながら,自宅,家族,K009_008.csv,3+ speakers (対象外): 3 speakers
K009_009,K009_009a,美乃梨,25-29歳,女性,"美乃梨, 山中, 江袋, 田本, 今瀬","美乃梨(女性, 25-29歳) | 山中(男性, 45-49歳) | 江袋(女性, 35-39歳) | 田本(男性, 40-44歳) | 今瀬(女性, 55-59歳)",5,会社の休憩室で上司・同僚・部下と食事しながら,職場,同僚,K009_009a.csv,3+ speakers (対象外): 5 speakers
K009_009,K009_009b,美乃梨,25-29歳,女性,"美乃梨, 山中, 江袋, 田本, 今瀬, 岩瀬, 井ノ部, 郷田","美乃梨(女性, 25-29歳) | 山中(男性, 45-49歳) | 江袋(女性, 35-39歳) | 田本(男性, 40-44歳) | 今瀬(女性, 55-59歳) | 岩瀬(女性, 25-29歳) | 井ノ部(女性, 40-44歳) | 郷田(女性, 55-59歳)",8,会社の休憩室で上司・同僚・部下と食事しながら,職場,同僚,K009_009b.csv,3+ speakers (対象外): 8 speakers
K009_010,K009_010,美乃梨,25-29歳,女性,"美乃梨, 会沢, 加藤","美乃梨(女性, 25-29歳) | 会沢(男性, 25-29歳) | 加藤(女性, 60-64歳)",3,会社の作業場で上司・部下と作業をしながら,職場,同僚,K009_010.csv,3+ speakers (対象外): 3 speakers
K009_011,K009_011,美乃梨,25-29歳,女性,"美乃梨, 紀世子, トシ子, 他吉","美乃梨(女性, 25-29歳) | 紀世子(女性, 55-59歳) | トシ子(女性, 90-94歳) | 他吉(男性, 90-94歳)",4,知人宅で母・知人夫婦と雑談,室内_友人知人宅,友人知人・家族,K009_011.csv,3+ speakers (対象外): 4 speakers
K009_012,K009_012,美乃梨,25-29歳,女性,"美乃梨, 紀世子, キミ子, 雅代","美乃梨(女性, 25-29歳) | 紀世子(女性, 55-59歳) | キミ子(女性, 70-74歳) | 雅代(女性, 45-49歳)",4,知人宅で母・知人親子と雑談,室内_友人知人宅,友人知人・家族,K009_012.csv,3+ speakers (対象外): 4 speakers
K009_014,K009_014,美乃梨,25-29歳,女性,"美乃梨, 会沢, 神田","美乃梨(女性, 25-29歳) | 会沢(男性, 25-29歳) | 神田(女性, 55-59歳)",3,会社の作業場で部下と仕事をしながら,職場,同僚,K009_014.csv,3+ speakers (対象外): 3 speakers
K009_015,K009_015,美乃梨,25-29歳,女性,"美乃梨, 山中, 江袋, 友澤, 奥島, 岩瀬","美乃梨(女性, 25-29歳) | 山中(男性, 45-49歳) | 江袋(女性, 35-39歳) | 友澤(男性, 35-39歳) | 奥島(女性, 55-59歳) | 岩瀬(女性, 25-29歳)",6,会社の休憩室で上司・同僚と相談,職場,同僚,K009_015.csv,3+ speakers (対象外): 6 speakers
K009_016,K009_016a,美乃梨,25-29歳,女性,"美乃梨, 紀世子, つや子, 八重子","美乃梨(女性, 25-29歳) | 紀世子(女性, 55-59歳) | つや子(女性, 65-69歳) | 八重子(女性, 45-49歳)",4,親戚の家で母・親戚と昼食を取りながら,室内_親類宅,家族・親戚,K009_016a.csv,3+ speakers (対象外): 4 speakers
K009_016,K009_016b,美乃梨,25-29歳,女性,"美乃梨, 紀世子, つや子, 八重子","美乃梨(女性, 25-29歳) | 紀世子(女性, 55-59歳) | つや子(女性, 65-69歳) | 八重子(女性, 45-49歳)",4,親戚の家で母・親戚と昼食を取りながら,室内_親類宅,家族・親戚,K009_016b.csv,3+ speakers (対象外): 4 speakers
K009_019,K009_019,美乃梨,25-29歳,女性,"美乃梨, 会沢, 江袋, 田本, 友澤, 岩瀬, 店員","美乃梨(女性, 25-29歳) | 会沢(男性, 25-29歳) | 江袋(女性, 35-39歳) | 田本(男性, 40-44歳) | 友澤(男性, 35-39歳) | 岩瀬(女性, 25-29歳) | 店員(男性, nan)",7,飲食店で上司・同僚・部下たちと飲みながら,公共商業施設_飲食店,同僚,K009_019.csv,Unknown/missing age or gender data
K010_001,K010_001,樫田,65-69歳,男性,"樫田, 妻, 紗矢","樫田(男性, 65-69歳) | 妻(女性, 50-54歳) | 紗矢(女性, 20-24歳)",3,自宅で配偶者・娘と夕食を取りながら,自宅,家族,K010_001.csv,3+ speakers (対象外): 3 speakers
K010_005,K010_005a,樫田,65-69歳,男性,"樫田, 岸尾, 店員","樫田(男性, 65-69歳) | 岸尾(男性, 55-59歳) | 店員(女性, nan)",3,店舗で知人にビジネスの相談,職場_相手の職場,友人知人,K010_005a.csv,Unknown/missing age or gender data
K010_005,K010_005b,樫田,65-69歳,男性,"樫田, 岸尾, 店員","樫田(男性, 65-69歳) | 岸尾(男性, 55-59歳) | 店員(女性, nan)",3,店舗で知人にビジネスの相談,職場_相手の職場,友人知人,K010_005b.csv,Unknown/missing age or gender data
K010_011,K010_011a,樫田,65-69歳,男性,"樫田, 岸辺, 森脇","樫田(男性, 65-69歳) | 岸辺(男性, 50-54歳) | 森脇(男性, 35-39歳)",3,店で友人たちと雑談,職場_相手の職場,友人知人,K010_011a.csv,3+ speakers (対象外): 3 speakers
K010_012,K010_012a,樫田,65-69歳,男性,"樫田, 杉村, 経塚, 店員","樫田(男性, 65-69歳) | 杉村(男性, 60-64歳) | 経塚(男性, 50-54歳) | 店員(女性, nan)",4,飲食店で友人・知人と仕事の相談,公共商業施設_飲食店,友人知人,K010_012a.csv,Unknown/missing age or gender data
K010_012,K010_012b,樫田,65-69歳,男性,"樫田, 杉村, 経塚","樫田(男性, 65-69歳) | 杉村(男性, 60-64歳) | 経塚(男性, 50-54歳)",3,飲食店で友人・知人と仕事の相談,公共商業施設_飲食店,友人知人,K010_012b.csv,3+ speakers (対象外): 3 speakers
K010_015,K010_015,樫田,65-69歳,男性,"樫田, 早瀬, 村井, 大沢","樫田(男性, 65-69歳) | 早瀬(男性, 65-69歳) | 村井(男性, 50-54歳) | 大沢(男性, 50-54歳)",4,車内で友人たち・仕事関係者と雑談,交通機関_車,友人知人・仕事関係,K010_015.csv,3+ speakers (対象外): 4 speakers
K010_016,K010_016,樫田,65-69歳,男性,"樫田, 妻, 紗矢","樫田(男性, 65-69歳) | 妻(女性, 50-54歳) | 紗矢(女性, 20-24歳)",3,自宅で配偶者・娘と引っ越しについて相談,自宅,家族,K010_016.csv,3+ speakers (対象外): 3 speakers
K011_002,K011_002,川原,50-54歳,女性,"川原, 木内, 達也, 凛","川原(女性, 50-54歳) | 木内(女性, 40-44歳) | 達也(男性, 10-14歳) | 凛(女性, 5-9歳)",4,飲食店で同僚親子と昼食を取りながら,公共商業施設_飲食店,友人知人・家族・同僚,K011_002.csv,3+ speakers (対象外): 4 speakers
K011_004,K011_004,川原,50-54歳,女性,"川原, 幹也, 健斗, 駿介","川原(女性, 50-54歳) | 幹也(男性, 55-59歳) | 健斗(男性, 15-19歳) | 駿介(男性, 20-24歳)",4,自宅で配偶者・息子たちと夕食前に雑談,自宅,家族,K011_004.csv,3+ speakers (対象外): 4 speakers
K011_007,K011_007,川原,50-54歳,女性,"川原, 藤井, 小森, 店員","川原(女性, 50-54歳) | 藤井(女性, 45-49歳) | 小森(女性, 45-49歳) | 店員(女性, nan)",4,飲食店で昼食後に友人と雑談,公共商業施設_飲食店,友人知人,K011_007.csv,Unknown/missing age or gender data
K011_015,K011_015,川原,50-54歳,女性,"川原, 幹也, 駿介","川原(女性, 50-54歳) | 幹也(男性, 55-59歳) | 駿介(男性, 20-24歳)",3,自宅で配偶者・息子と雑談,自宅,家族,K011_015.csv,3+ speakers (対象外): 3 speakers
K011_016,K011_016a,川原,50-54歳,女性,"川原, 志村, 美代子, 井上","川原(女性, 50-54歳) | 志村(女性, 75-79歳) | 美代子(女性, 40-44歳) | 井上(女性, 75-79歳)",4,実家で母・いとことお茶をしながら,室内_実家,友人知人・家族・親戚,K011_016a.csv,3+ speakers (対象外): 4 speakers
K011_016,K011_016b,川原,50-54歳,女性,"川原, 志村, 美代子, 井上","川原(女性, 50-54歳) | 志村(女性, 75-79歳) | 美代子(女性, 40-44歳) | 井上(女性, 75-79歳)",4,実家で母・いとことお茶をしながら,室内_実家,友人知人・家族・親戚,K011_016b.csv,3+ speakers (対象外): 4 speakers
K011_018,K011_018,川原,50-54歳,女性,"川原, 美佳子, 香澄","川原(女性, 50-54歳) | 美佳子(女性, 5-9歳) | 香澄(女性, 20-24歳)",3,娘・友人の子どもと車で移動中,交通機関_車,友人知人・家族,K011_018.csv,3+ speakers (対象外): 3 speakers
K011_019,K011_019a,川原,50-54歳,女性,"川原, 美佳子, 香澄","川原(女性, 50-54歳) | 美佳子(女性, 5-9歳) | 香澄(女性, 20-24歳)",3,娘・友人の子どもとさくらんぼ狩り,屋外,友人知人・家族,K011_019a.csv,3+ speakers (対象外): 3 speakers
K011_019,K011_019b,川原,50-54歳,女性,"川原, 美佳子, 香澄","川原(女性, 50-54歳) | 美佳子(女性, 5-9歳) | 香澄(女性, 20-24歳)",3,娘・友人の子どもとさくらんぼ狩り,屋外,友人知人・家族,K011_019b.csv,3+ speakers (対象外): 3 speakers
K012_003,K012_003c,平沢,30-34歳,男性,"平沢, 竹太郎, 由紀子","平沢(男性, 30-34歳) | 竹太郎(男性, 0-4歳) | 由紀子(女性, 35-39歳)",3,自宅で息子と遊び配偶者と雑談,自宅,家族,K012_003c.csv,3+ speakers (対象外): 3 speakers
K012_004,K012_004,平沢,30-34歳,男性,"平沢, 竹太郎, 志麻子","平沢(男性, 30-34歳) | 竹太郎(男性, 0-4歳) | 志麻子(女性, 60-64歳)",3,実家で息子と母と雑談,室内_実家,家族,K012_004.csv,3+ speakers (対象外): 3 speakers
K013_003,K013_003,雪江,25-29歳,女性,"雪江, 鞠江, 祖母","雪江(女性, 25-29歳) | 鞠江(女性, 20-24歳) | 祖母(女性, 75-79歳)",3,実家で妹・祖母と雑談,室内_実家,家族,K013_003.csv,3+ speakers (対象外): 3 speakers
K013_009,K013_009,雪江,25-29歳,女性,"雪江, 鞠江, 祖母, 奈々恵","雪江(女性, 25-29歳) | 鞠江(女性, 20-24歳) | 祖母(女性, 75-79歳) | 奈々恵(女性, 25-29歳)",4,実家で姉・妹と料理をしながら,室内_実家,家族,K013_009.csv,3+ speakers (対象外): 4 speakers
K013_011,K013_011,雪江,25-29歳,女性,"雪江, 鞠江, 母, 奈々恵","雪江(女性, 25-29歳) | 鞠江(女性, 20-24歳) | 母(女性, 55-59歳) | 奈々恵(女性, 25-29歳)",4,姉の家で母・姉妹で夕食を取りながら,室内_家族宅,家族,K013_011.csv,3+ speakers (対象外): 4 speakers
K013_020,K013_020,雪江,25-29歳,女性,"雪江, 俊夫, 文也, 釣部","雪江(女性, 25-29歳) | 俊夫(男性, 25-29歳) | 文也(男性, 25-29歳) | 釣部(男性, 20-24歳)",4,恋人の家で恋人・友人たちとゲームをしながら,室内_友人知人宅,友人知人,K013_020.csv,3+ speakers (対象外): 4 speakers
S001_004,S001_004,健,50-54歳,男性,"健, ななえ, 大柴, 翔子, 小沢, 園部, 沙矢子","健(男性, 50-54歳) | ななえ(女性, 45-49歳) | 大柴(男性, 45-49歳) | 翔子(女性, 45-49歳) | 小沢(女性, 50-54歳) | 園部(女性, 50-54歳) | 沙矢子(女性, 50-54歳)",7,テニスショップで配偶者・友人・知人と懇親会,公共商業施設_商業施設,友人知人・家族・サービス場面関係,S001_004.csv,3+ speakers (対象外): 7 speakers
S001_006,S001_006,健,50-54歳,男性,"健, 翔子, 千紘, 淳","健(男性, 50-54歳) | 翔子(女性, 45-49歳) | 千紘(女性, 50-54歳) | 淳(男性, 50-54歳)",4,自宅で配偶者・友人夫婦と飲みながら,自宅,友人知人・家族,S001_006.csv,3+ speakers (対象外): 4 speakers
S001_011,S001_011,健,50-54歳,男性,"健, 翔子, 舞","健(男性, 50-54歳) | 翔子(女性, 45-49歳) | 舞(女性, 45-49歳)",3,自宅で配偶者と料理をしながら,自宅,家族,S001_011.csv,3+ speakers (対象外): 3 speakers
S001_012,S001_012,健,50-54歳,男性,"健, 翔子, 康明, 静香, 舞, 智之","健(男性, 50-54歳) | 翔子(女性, 45-49歳) | 康明(男性, 75-79歳) | 静香(女性, 75-79歳) | 舞(女性, 45-49歳) | 智之(男性, 50-54歳)",6,実家で配偶者・父母・妹夫婦と誕生会,室内_実家,家族・親戚,S001_012.csv,3+ speakers (対象外): 6 speakers
S001_015,S001_015,健,50-54歳,男性,"健, 翔子, 康明, 静香","健(男性, 50-54歳) | 翔子(女性, 45-49歳) | 康明(男性, 75-79歳) | 静香(女性, 75-79歳)",4,実家で配偶者・両親と料理および昼食,室内_実家,家族,S001_015.csv,3+ speakers (対象外): 4 speakers
S001_017,S001_017,健,50-54歳,男性,"健, 翔子, 康明, 静香, 戸倉, 真下, 能勢","健(男性, 50-54歳) | 翔子(女性, 45-49歳) | 康明(男性, 75-79歳) | 静香(女性, 75-79歳) | 戸倉(女性, 25-29歳) | 真下(男性, 45-49歳) | 能勢(女性, 20-24歳)",7,別荘で配偶者・両親・知人たちと昼食を取りながら,室内_別荘,友人知人・家族・先生生徒,S001_017.csv,3+ speakers (対象外): 7 speakers
S001_018,S001_018,健,50-54歳,男性,"健, 園部, 堀江","健(男性, 50-54歳) | 園部(女性, 50-54歳) | 堀江(女性, 50-54歳)",3,テニスクラブで会員たちとイベント企画の相談,職場,友人知人・サービス場面関係,S001_018.csv,3+ speakers (対象外): 3 speakers
S001_019,S001_019,健,50-54歳,男性,"健, 翔子, 落合","健(男性, 50-54歳) | 翔子(女性, 45-49歳) | 落合(男性, 70-74歳)",3,自宅で配偶者・友人とお茶をしながら,自宅,友人知人・家族,S001_019.csv,3+ speakers (対象外): 3 speakers
S002_001,S002_001,山口,35-39歳,男性,"山口, 慎, 美香, 真理子, 店員","山口(男性, 35-39歳) | 慎(男性, 30-34歳) | 美香(女性, 25-29歳) | 真理子(女性, 20-24歳) | 店員(男性, nan)",5,飲食店で友人たちと懇親会,公共商業施設_飲食店,友人知人,S002_001.csv,Unknown/missing age or gender data
S002_003,S002_003,山口,35-39歳,男性,"山口, 貞, 鶴","山口(男性, 35-39歳) | 貞(男性, 45-49歳) | 鶴(男性, 30-34歳)",3,飲食店で友人たちと飲みながら,公共商業施設_飲食店,友人知人,S002_003.csv,3+ speakers (対象外): 3 speakers
S002_004,S002_004,山口,35-39歳,男性,"山口, 慎, 貞, 店員, 店員","山口(男性, 35-39歳) | 慎(男性, 30-34歳) | 貞(男性, 45-49歳) | 店員(男性, nan) | 店員(女性, nan)",5,飲食店で友人たちと懇親会,公共商業施設_飲食店,友人知人,S002_004.csv,Unknown/missing age or gender data
S002_007,S002_007,山口,35-39歳,男性,"山口, 長友, 野々山, 迫, 大塚, 店員","山口(男性, 35-39歳) | 長友(男性, 50-54歳) | 野々山(女性, 45-49歳) | 迫(女性, 35-39歳) | 大塚(女性, 30-34歳) | 店員(女性, nan)",6,飲食店で同僚たちと懇親会,公共商業施設_飲食店,同僚,S002_007.csv,Unknown/missing age or gender data
S002_008,S002_008,山口,35-39歳,男性,"山口, 石川, 渋沢","山口(男性, 35-39歳) | 石川(女性, 25-29歳) | 渋沢(女性, 35-39歳)",3,カラオケボックスで友人たちと雑談,公共商業施設_商業施設,友人知人,S002_008.csv,3+ speakers (対象外): 3 speakers
S002_009,S002_009,山口,35-39歳,男性,"山口, バルサン, 吉田, 店員","山口(男性, 35-39歳) | バルサン(女性, 30-34歳) | 吉田(男性, 35-39歳) | 店員(女性, nan)",4,飲食店で友人たちと飲みながら,公共商業施設_飲食店,友人知人,S002_009.csv,Unknown/missing age or gender data
S002_010,S002_010,山口,35-39歳,男性,"山口, 美香, 貞, 鶴, 仁井, 木村, うらら, 店員","山口(男性, 35-39歳) | 美香(女性, 25-29歳) | 貞(男性, 45-49歳) | 鶴(男性, 30-34歳) | 仁井(男性, 35-39歳) | 木村(男性, 30-34歳) | うらら(女性, 25-29歳) | 店員(男性, nan)",8,飲食店で友人たちと飲みながら,公共商業施設_飲食店,友人知人,S002_010.csv,Unknown/missing age or gender data
S002_011,S002_011,山口,35-39歳,男性,"山口, 深澤, 神沢, 健一, 店員","山口(男性, 35-39歳) | 深澤(男性, 30-34歳) | 神沢(男性, 20-24歳) | 健一(男性, 30-34歳) | 店員(女性, nan)",5,飲食店で友人たちと飲みながら,公共商業施設_飲食店,友人知人,S002_011.csv,Unknown/missing age or gender data
S002_012,S002_012,山口,35-39歳,男性,"山口, 美香, 店員, 店員","山口(男性, 35-39歳) | 美香(女性, 25-29歳) | 店員(女性, nan) | 店員(男性, nan)",4,飲食店で友人と飲みながら,公共商業施設_飲食店,友人知人,S002_012.csv,Unknown/missing age or gender data
T001_003,T001_003,林,25-29歳,男性,"広瀬, 林, 店員, 店員","広瀬(男性, 35-39歳) | 林(男性, 25-29歳) | 店員(男性, nan) | 店員(女性, nan)",4,飲食店で元同僚と飲みながら,公共商業施設_飲食店,元同僚,T001_003.csv,Unknown/missing age or gender data
T001_009,T001_009,広瀬,35-39歳,男性,"広瀬, 優香, 義母","広瀬(男性, 35-39歳) | 優香(女性, 30-34歳) | 義母(女性, 55-59歳)",3,配偶者の実家で配偶者・義母と夕食後の雑談,室内_実家,家族,T001_009.csv,3+ speakers (対象外): 3 speakers
T001_011,T001_011,広瀬,35-39歳,男性,"広瀬, 優香, 洋平, 千秋","広瀬(男性, 35-39歳) | 優香(女性, 30-34歳) | 洋平(男性, 35-39歳) | 千秋(女性, 35-39歳)",4,飲食店で配偶者・友人夫婦と食後のお茶をしながら,公共商業施設_飲食店,友人知人・家族,T001_011.csv,3+ speakers (対象外): 4 speakers
T001_014,T001_014,広瀬,35-39歳,男性,"広瀬, 奥村, 師匠, 店員, 店員","広瀬(男性, 35-39歳) | 奥村(男性, 35-39歳) | 師匠(男性, 45-49歳) | 店員(女性, nan) | 店員(男性, nan)",5,飲食店で友人たちと飲みながら,公共商業施設_飲食店,友人知人,T001_014.csv,Unknown/missing age or gender data
T001_015,T001_015,広瀬,35-39歳,男性,"広瀬, 徳, 店員, 店員","広瀬(男性, 35-39歳) | 徳(男性, 30-34歳) | 店員(女性, nan) | 店員(男性, nan)",4,飲食店で後輩と夕食を取りながら,公共商業施設_飲食店,友人知人,T001_015.csv,Unknown/missing age or gender data
T001_016,T001_016,広瀬,35-39歳,男性,"広瀬, 杉江, 店員","広瀬(男性, 35-39歳) | 杉江(男性, 30-34歳) | 店員(男性, nan)",3,飲食店で元同僚と夕食を取りながら,公共商業施設_飲食店,元同僚,T001_016.csv,Unknown/missing age or gender data
T001_019,T001_019,広瀬,35-39歳,男性,"広瀬, 優香, 義母","広瀬(男性, 35-39歳) | 優香(女性, 30-34歳) | 義母(女性, 55-59歳)",3,配偶者の実家で配偶者・義母と夕食後の雑談,室内_実家,家族,T001_019.csv,3+ speakers (対象外): 3 speakers
T002_006,T002_006a,直也,40-44歳,男性,"直也, 聡美, 塚田","直也(男性, 40-44歳) | 聡美(女性, 40-44歳) | 塚田(男性, 30-34歳)",3,飲食店で友人とイベント受講者と雑談,公共商業施設_飲食店,友人知人・先生生徒,T002_006a.csv,3+ speakers (対象外): 3 speakers
T002_006,T002_006b,直也,40-44歳,男性,"直也, 聡美, 塚田","直也(男性, 40-44歳) | 聡美(女性, 40-44歳) | 塚田(男性, 30-34歳)",3,飲食店で友人とイベント受講者と雑談,公共商業施設_飲食店,友人知人・先生生徒,T002_006b.csv,3+ speakers (対象外): 3 speakers
T002_006,T002_006c,直也,40-44歳,男性,"直也, 聡美, 塚田","直也(男性, 40-44歳) | 聡美(女性, 40-44歳) | 塚田(男性, 30-34歳)",3,飲食店で友人とイベント受講者と雑談,公共商業施設_飲食店,友人知人・先生生徒,T002_006c.csv,3+ speakers (対象外): 3 speakers
T002_013,T002_013,直也,40-44歳,男性,"直也, 高柳, 店員","直也(男性, 40-44歳) | 高柳(女性, 35-39歳) | 店員(女性, nan)",3,飲食店で仕事関係者と夕食および打合せ,公共商業施設_飲食店,仕事関係,T002_013.csv,Unknown/missing age or gender data
T002_014,T002_014,直也,40-44歳,男性,"直也, チヒ, 綾音, 店員","直也(男性, 40-44歳) | チヒ(男性, 30-34歳) | 綾音(女性, 35-39歳) | 店員(女性, nan)",4,飲食店で配偶者・友人とお茶をしながら,公共商業施設_飲食店,友人知人・家族,T002_014.csv,Unknown/missing age or gender data
T002_015,T002_015,直也,40-44歳,男性,"直也, 由美子, 店員","直也(男性, 40-44歳) | 由美子(女性, 40-44歳) | 店員(男性, nan)",3,飲食店で先輩と昼食を取りながら,公共商業施設_飲食店,友人知人,T002_015.csv,Unknown/missing age or gender data
T002_020,T002_020,直也,40-44歳,男性,"直也, みっちー, 永井","直也(男性, 40-44歳) | みっちー(女性, nan) | 永井(女性, 45-49歳)",3,公園で友人たちとお茶を点てながら,屋外,友人知人,T002_020.csv,Unknown/missing age or gender data
T003_001,T003_001,由美,35-39歳,女性,"由美, 拓人, 大和","由美(女性, 35-39歳) | 拓人(男性, 5-9歳) | 大和(男性, 5-9歳)",3,自宅で息子たちの勉強を見ながら,自宅,家族,T003_001.csv,3+ speakers (対象外): 3 speakers
T003_002,T003_002,由美,35-39歳,女性,"由美, 拓人, 大和, パパ","由美(女性, 35-39歳) | 拓人(男性, 5-9歳) | 大和(男性, 5-9歳) | パパ(男性, 40-44歳)",4,自宅で配偶者・息子たちと教材の実験,自宅,家族,T003_002.csv,3+ speakers (対象外): 4 speakers
T003_003,T003_003,由美,35-39歳,女性,"由美, 牧野, 店員","由美(女性, 35-39歳) | 牧野(女性, 35-39歳) | 店員(女性, nan)",3,食店で父母会役員の引き継ぎ,公共商業施設_飲食店,友人知人,T003_003.csv,Unknown/missing age or gender data
T003_004,T003_004,由美,35-39歳,女性,"由美, 美希, 陽菜","由美(女性, 35-39歳) | 美希(女性, 30-34歳) | 陽菜(女性, 35-39歳)",3,飲食店で友人たちとバザーの打合せ,公共商業施設_飲食店,友人知人,T003_004.csv,3+ speakers (対象外): 3 speakers
T003_006,T003_006,由美,35-39歳,女性,"由美, パパ, 義父, 義弟, 義母","由美(女性, 35-39歳) | パパ(男性, 40-44歳) | 義父(男性, 70-74歳) | 義弟(男性, 35-39歳) | 義母(女性, 65-69歳)",5,配偶者の実家で配偶者・義父母・義弟と夕食後の雑談,室内_実家,家族・親戚,T003_006.csv,3+ speakers (対象外): 5 speakers
T003_007,T003_007,由美,35-39歳,女性,"由美, パパ, 義父, 義弟, 義母","由美(女性, 35-39歳) | パパ(男性, 40-44歳) | 義父(男性, 70-74歳) | 義弟(男性, 35-39歳) | 義母(女性, 65-69歳)",5,配偶者の実家で配偶者・義父母・義弟と夕食後の雑談,室内_実家,家族・親戚,T003_007.csv,3+ speakers (対象外): 5 speakers
T003_012,T003_012,由美,35-39歳,女性,"由美, 拓人, 大和, パパ, スタッフ, スタッフ","由美(女性, 35-39歳) | 拓人(男性, 5-9歳) | 大和(男性, 5-9歳) | パパ(男性, 40-44歳) | スタッフ(男性, nan) | スタッフ(女性, nan)",6,弘前城で配偶者・息子たちと観光しながら,屋外,家族,T003_012.csv,Unknown/missing age or gender data
T003_015,T003_015,由美,35-39歳,女性,"由美, 拓人, 大和, パパ, 母","由美(女性, 35-39歳) | 拓人(男性, 5-9歳) | 大和(男性, 5-9歳) | パパ(男性, 40-44歳) | 母(女性, 65-69歳)",5,自宅で配偶者・息子たちと料理および朝食,自宅,家族,T003_015.csv,3+ speakers (対象外): 5 speakers
T003_017,T003_017,由美,35-39歳,女性,"由美, 加代子, 千夏, 知世, 美鈴","由美(女性, 35-39歳) | 加代子(女性, 45-49歳) | 千夏(女性, 40-44歳) | 知世(女性, 35-39歳) | 美鈴(女性, 45-49歳)",5,小学校でPTA役員たちとイベントの打合せ,学校,友人知人,T003_017.csv,3+ speakers (対象外): 5 speakers
T003_018,T003_018,由美,35-39歳,女性,"由美, 拓人, 大和, パパ","由美(女性, 35-39歳) | 拓人(男性, 5-9歳) | 大和(男性, 5-9歳) | パパ(男性, 40-44歳)",4,配偶者・息子たちと車で移動中,交通機関_車,家族,T003_018.csv,3+ speakers (対象外): 4 speakers
T003_019,T003_019,由美,35-39歳,女性,"由美, 拓人, 大和, パパ","由美(女性, 35-39歳) | 拓人(男性, 5-9歳) | 大和(男性, 5-9歳) | パパ(男性, 40-44歳)",4,湖畔で配偶者・息子たちのキャッチボールを見ながら,屋外,家族,T003_019.csv,3+ speakers (対象外): 4 speakers
T003_021,T003_021,由美,35-39歳,女性,"由美, 紀子, 晴美, 綾子, 尚子","由美(女性, 35-39歳) | 紀子(女性, 40-44歳) | 晴美(女性, 45-49歳) | 綾子(女性, 40-44歳) | 尚子(女性, 35-39歳)",5,友人宅で友人たちと昼食を取りながら,室内_友人知人宅,友人知人,T003_021.csv,3+ speakers (対象外): 5 speakers
T004_001,T004_001,一ノ宮,60-64歳,女性,"一ノ宮, パパ, さとし","一ノ宮(女性, 60-64歳) | パパ(男性, 60-64歳) | さとし(男性, 20-24歳)",3,自宅で配偶者・息子と野球中継を見ながら夕食,自宅,家族,T004_001.csv,3+ speakers (対象外): 3 speakers
T004_002,T004_002,早紀,45-49歳,女性,"一ノ宮, 成田, 早紀, 由香里","一ノ宮(女性, 60-64歳) | 成田(男性, 60-64歳) | 早紀(女性, 45-49歳) | 由香里(女性, 50-54歳)",4,公共施設で友人たちと勉強会,公共商業施設_公共施設,友人知人,T004_002.csv,3+ speakers (対象外): 4 speakers
T004_003,T004_003,一ノ宮,60-64歳,女性,"一ノ宮, パパ, さとし, 酒井, かっちゃん","一ノ宮(女性, 60-64歳) | パパ(男性, 60-64歳) | さとし(男性, 20-24歳) | 酒井(男性, 70-74歳) | かっちゃん(男性, nan)",5,飲食店で配偶者・息子と夕食を取りながら,公共商業施設_飲食店,家族・サービス場面関係,T004_003.csv,Unknown/missing age or gender data
T004_005,T004_005a,一ノ宮,60-64歳,女性,"一ノ宮, 遠藤, 内田, 内田妻","一ノ宮(女性, 60-64歳) | 遠藤(男性, 70-74歳) | 内田(男性, 65-69歳) | 内田妻(女性, 65-69歳)",4,知人宅で役員たちと慰労会,室内_友人知人宅,友人知人・家族,T004_005a.csv,3+ speakers (対象外): 4 speakers
T004_005,T004_005b,一ノ宮,60-64歳,女性,"一ノ宮, 遠藤, 内田, 内田妻","一ノ宮(女性, 60-64歳) | 遠藤(男性, 70-74歳) | 内田(男性, 65-69歳) | 内田妻(女性, 65-69歳)",4,知人宅で役員たちと慰労会,室内_友人知人宅,友人知人・家族,T004_005b.csv,3+ speakers (対象外): 4 speakers
T004_010,T004_010a,一ノ宮,60-64歳,女性,"一ノ宮, 由里子, 中ちゃん, ゆかり, 青井, はるか","一ノ宮(女性, 60-64歳) | 由里子(女性, 55-59歳) | 中ちゃん(女性, 55-59歳) | ゆかり(女性, 40-44歳) | 青井(女性, 50-54歳) | はるか(女性, 50-54歳)",6,友人宅で友人たちとお茶をしながら,室内_友人知人宅,友人知人,T004_010a.csv,3+ speakers (対象外): 6 speakers
T004_010,T004_010b,一ノ宮,60-64歳,女性,"一ノ宮, 由里子, 中ちゃん, ゆかり, 青井, はるか","一ノ宮(女性, 60-64歳) | 由里子(女性, 55-59歳) | 中ちゃん(女性, 55-59歳) | ゆかり(女性, 40-44歳) | 青井(女性, 50-54歳) | はるか(女性, 50-54歳)",6,友人宅で友人たちとお茶をしながら,室内_友人知人宅,友人知人,T004_010b.csv,3+ speakers (対象外): 6 speakers
T004_011,T004_011,一ノ宮,60-64歳,女性,"一ノ宮, 洋子, みこ, あっこ, 里子, 女性","一ノ宮(女性, 60-64歳) | 洋子(女性, 60-64歳) | みこ(女性, 60-64歳) | あっこ(女性, 60-64歳) | 里子(女性, 60-64歳) | 女性(女性, nan)",6,渓谷で友人たちと散策,屋外,友人知人,T004_011.csv,Unknown/missing age or gender data
T004_013,T004_013,一ノ宮,60-64歳,女性,"一ノ宮, 田代, 飯塚, 松下, 岩崎","一ノ宮(女性, 60-64歳) | 田代(女性, 50-54歳) | 飯塚(女性, 55-59歳) | 松下(女性, 55-59歳) | 岩崎(女性, 50-54歳)",5,公共施設で地域活動の仲間たちとイベント企画について打合せ,職場_相手の職場,仕事関係,T004_013.csv,3+ speakers (対象外): 5 speakers
T004_014,T004_014,一ノ宮,60-64歳,女性,"一ノ宮, 塚田, 水谷, 戸部","一ノ宮(女性, 60-64歳) | 塚田(男性, 70-74歳) | 水谷(女性, 60-64歳) | 戸部(女性, 75-79歳)",4,公共施設で地域活動の仲間たちと総会の準備,公共商業施設_公共施設,友人知人,T004_014.csv,3+ speakers (対象外): 4 speakers
T004_017,T004_017,一ノ宮,60-64歳,女性,"一ノ宮, 佐久間, 塚田, 落合, 岩瀬, 佐々木, 土井","一ノ宮(女性, 60-64歳) | 佐久間(男性, 70-74歳) | 塚田(男性, 70-74歳) | 落合(男性, 70-74歳) | 岩瀬(男性, 80-84歳) | 佐々木(男性, 40-44歳) | 土井(男性, 40-44歳)",7,公共施設で地域活動の仲間たちとイベントの打合せ,公共商業施設_公共施設,友人知人・サービス場面関係,T004_017.csv,3+ speakers (対象外): 7 speakers
T005_001,T005_001,石橋,45-49歳,男性,"永井, 片山, 服部, 新井, 星野, 小池, 亀山, 石橋","永井(男性, 35-39歳) | 片山(男性, 35-39歳) | 服部(男性, 50-54歳) | 新井(男性, 45-49歳) | 星野(女性, 50-54歳) | 小池(男性, 60-64歳) | 亀山(男性, 35-39歳) | 石橋(男性, 45-49歳)",8,公共施設で町会の役員たちとお祭りの準備の打合せ,公共商業施設_公共施設,友人知人,T005_001.csv,3+ speakers (対象外): 8 speakers
T005_002,T005_002,永井,35-39歳,男性,"永井, まみこ, かお","永井(男性, 35-39歳) | まみこ(女性, 40-44歳) | かお(女性, 0-4歳)",3,自宅で配偶者・娘と夕食を取りながら,自宅,家族,T005_002.csv,3+ speakers (対象外): 3 speakers
T005_004,T005_004,和田,70-74歳,男性,"永井, 日野, 山中, 藤田, 山岡, 辻本, 宮沢, 松山, 和田","永井(男性, 35-39歳) | 日野(男性, 60-64歳) | 山中(男性, 70-74歳) | 藤田(男性, 65-69歳) | 山岡(男性, 75-79歳) | 辻本(男性, 70-74歳) | 宮沢(男性, 70-74歳) | 松山(男性, 75-79歳) | 和田(男性, 70-74歳)",9,飲食店で元都議会議員の支援会,公共商業施設_飲食店,友人知人,T005_004.csv,3+ speakers (対象外): 9 speakers
T005_005,T005_005,本田,75-79歳,男性,"永井, 川田, 玉塚, 本田, 江口正和, 江口しげ子, 店員","永井(男性, 35-39歳) | 川田(男性, 70-74歳) | 玉塚(男性, 70-74歳) | 本田(男性, 75-79歳) | 江口正和(男性, 75-79歳) | 江口しげ子(女性, 75-79歳) | 店員(女性, nan)",7,飲食店で元都議会議員の支援会,公共商業施設_飲食店,友人知人,T005_005.csv,Unknown/missing age or gender data
T005_006,T005_006,長谷川,40-44歳,男性,"永井, まみこ, 長谷川","永井(男性, 35-39歳) | まみこ(女性, 40-44歳) | 長谷川(男性, 40-44歳)",3,自宅で配偶者・友人とキャンプの打合せ,自宅,友人知人・家族,T005_006.csv,3+ speakers (対象外): 3 speakers
T005_007,T005_007,雅弘,60-64歳,男性,"永井, まみこ, かお, 雅弘, ゆかり, あき, まさ, 姉","永井(男性, 35-39歳) | まみこ(女性, 40-44歳) | かお(女性, 0-4歳) | 雅弘(男性, 60-64歳) | ゆかり(女性, 65-69歳) | あき(女性, 40-44歳) | まさ(男性, 35-39歳) | 姉(女性, nan)",8,実家に家族が集まって昼食を取りながら,室内_実家,家族・親戚,T005_007.csv,Unknown/missing age or gender data
T005_008,T005_008,中田,35-39歳,男性,"永井, 岡村, 中田, 店員, 店員","永井(男性, 35-39歳) | 岡村(男性, 35-39歳) | 中田(男性, 35-39歳) | 店員(男性, nan) | 店員(女性, nan)",5,飲食店で友人たちと飲みながら,公共商業施設_飲食店,友人知人,T005_008.csv,Unknown/missing age or gender data
T005_009,T005_009,坂口靖夫,65-69歳,男性,"永井, 坂口靖夫, 植村, 今村, 安井, 坂口正明, 永野, 岡部, 中山, 島村, 三上, 遠藤","永井(男性, 35-39歳) | 坂口靖夫(男性, 65-69歳) | 植村(男性, nan) | 今村(男性, 80-84歳) | 安井(男性, 75-79歳) | 坂口正明(男性, 70-74歳) | 永野(女性, 90-94歳) | 岡部(女性, 80-84歳) | 中山(女性, 80-84歳) | 島村(男性, 65-69歳) | 三上(男性, 80-84歳) | 遠藤(男性, 80-84歳)",12,飲食店で後援者と会合,公共商業施設_飲食店,友人知人・仕事関係,T005_009.csv,Unknown/missing age or gender data
T005_010,T005_010,なおき,75-79歳,男性,"永井, 西原, 平川, あさこ, 高橋, 須田, なおき, 店員","永井(男性, 35-39歳) | 西原(女性, 70-74歳) | 平川(女性, 70-74歳) | あさこ(女性, 65-69歳) | 高橋(女性, 70-74歳) | 須田(男性, 70-74歳) | なおき(男性, 75-79歳) | 店員(女性, nan)",8,飲食店で後援者と会合,公共商業施設_飲食店,友人知人・仕事関係,T005_010.csv,Unknown/missing age or gender data
T005_011,T005_011b,新井,45-49歳,男性,"永井, 新井, 亀山, 店員","永井(男性, 35-39歳) | 新井(男性, 45-49歳) | 亀山(男性, 35-39歳) | 店員(女性, nan)",4,飲食店で町会役員たちと飲みながら,公共商業施設_飲食店,友人知人,T005_011b.csv,Unknown/missing age or gender data
T005_011,T005_011a,新井,45-49歳,男性,"永井, 新井, 亀山, 店員, 店員","永井(男性, 35-39歳) | 新井(男性, 45-49歳) | 亀山(男性, 35-39歳) | 店員(女性, nan) | 店員(男性, nan)",5,飲食店で町会役員たちと飲みながら,公共商業施設_飲食店,友人知人,T005_011a.csv,Unknown/missing age or gender data
T005_012,T005_012,有村,75-79歳,男性,"永井, 有村, 上田, 店員, 店員","永井(男性, 35-39歳) | 有村(男性, 75-79歳) | 上田(男性, 70-74歳) | 店員(男性, nan) | 店員(女性, nan)",5,飲食店で近隣の町会メンバーたちと飲みながら,公共商業施設_飲食店,友人知人,T005_012.csv,Unknown/missing age or gender data
T005_013,T005_013,石橋,70-74歳,男性,"永井, 石橋, 横田, 山川, 飯島, 松浦, 下村, 須藤, 三好, 酒井, 金子, 川崎, 大野, 篠原, 宮川, 女性","永井(男性, 35-39歳) | 石橋(男性, 70-74歳) | 横田(男性, 30-34歳) | 山川(女性, 35-39歳) | 飯島(男性, 50-54歳) | 松浦(男性, 70-74歳) | 下村(男性, 80-84歳) | 須藤(男性, 60-64歳) | 三好(男性, 65-69歳) | 酒井(男性, 65-69歳) | 金子(女性, 50-54歳) | 川崎(女性, 30-34歳) | 大野(女性, 50-54歳) | 篠原(男性, 50-54歳) | 宮川(男性, 25-29歳) | 女性(女性, nan)",16,区役所で党員たちと会派総会,職場,仕事関係,T005_013.csv,Unknown/missing age or gender data
T005_019,T005_019,石橋,70-74歳,男性,"永井, 石橋, 横田, 山川, 飯島, 松浦, 下村, 須藤, 三好, 酒井, 金子, 川崎, 大野","永井(男性, 35-39歳) | 石橋(男性, 70-74歳) | 横田(男性, 30-34歳) | 山川(女性, 35-39歳) | 飯島(男性, 50-54歳) | 松浦(男性, 70-74歳) | 下村(男性, 80-84歳) | 須藤(男性, 60-64歳) | 三好(男性, 65-69歳) | 酒井(男性, 65-69歳) | 金子(女性, 50-54歳) | 川崎(女性, 30-34歳) | 大野(女性, 50-54歳)",13,区役所で党員たちと会派総会,職場,仕事関係,T005_019.csv,3+ speakers (対象外): 13 speakers
T006_002,T006_002,尾形,25-29歳,男性,"尾形, 富永, 青木","尾形(男性, 25-29歳) | 富永(女性, 20-24歳) | 青木(男性, 20-24歳)",3,大学で後輩たちと雑談,学校,友人知人,T006_002.csv,3+ speakers (対象外): 3 speakers
T006_003,T006_003,尾形,25-29歳,男性,"尾形, 根本, 店員","尾形(男性, 25-29歳) | 根本(男性, 25-29歳) | 店員(女性, nan)",3,飲食店で友人と飲みながら,公共商業施設_飲食店,友人知人,T006_003.csv,Unknown/missing age or gender data
T006_004,T006_004,尾形,25-29歳,男性,"尾形, 富永, 青木, 関本, 杉山, 店員, 店員","尾形(男性, 25-29歳) | 富永(女性, 20-24歳) | 青木(男性, 20-24歳) | 関本(男性, 55-59歳) | 杉山(女性, 35-39歳) | 店員(女性, nan) | 店員(男性, nan)",7,飲食店で先生たち・後輩たちと飲みながら,公共商業施設_飲食店,友人知人・同僚・先生生徒,T006_004.csv,Unknown/missing age or gender data
T006_006,T006_006a,尾形,25-29歳,男性,"尾形, 菊池, ほっさん","尾形(男性, 25-29歳) | 菊池(男性, 20-24歳) | ほっさん(男性, 20-24歳)",3,カラオケボックスで後輩たちとトランプをしながら,公共商業施設_商業施設,友人知人,T006_006a.csv,3+ speakers (対象外): 3 speakers
T006_006,T006_006b,尾形,25-29歳,男性,"尾形, 菊池, ほっさん","尾形(男性, 25-29歳) | 菊池(男性, 20-24歳) | ほっさん(男性, 20-24歳)",3,カラオケボックスで後輩たちとトランプをしながら,公共商業施設_商業施設,友人知人,T006_006b.csv,3+ speakers (対象外): 3 speakers
T006_008,T006_008b,尾形,25-29歳,男性,"尾形, 金子, 古賀, 浜田","尾形(男性, 25-29歳) | 金子(男性, 25-29歳) | 古賀(男性, 25-29歳) | 浜田(男性, 25-29歳)",4,飲食店で友人たちと飲みながら,公共商業施設_飲食店,友人知人,T006_008b.csv,3+ speakers (対象外): 4 speakers
T006_008,T006_008a,尾形,25-29歳,男性,"尾形, 金子, 古賀, 浜田, 店員, 店員","尾形(男性, 25-29歳) | 金子(男性, 25-29歳) | 古賀(男性, 25-29歳) | 浜田(男性, 25-29歳) | 店員(女性, nan) | 店員(男性, nan)",6,飲食店で友人たちと飲みながら,公共商業施設_飲食店,友人知人,T006_008a.csv,Unknown/missing age or gender data
T006_009,T006_009,尾形,25-29歳,男性,"尾形, 根本, 店員","尾形(男性, 25-29歳) | 根本(男性, 25-29歳) | 店員(女性, nan)",3,飲食店で友人と夕食を取りながら,公共商業施設_飲食店,友人知人,T006_009.csv,Unknown/missing age or gender data
T007_005,T007_005b,塚田,70-74歳,男性,"塚田, 秀夫, 節子","塚田(男性, 70-74歳) | 秀夫(男性, 70-74歳) | 節子(女性, 65-69歳)",3,先輩宅で先輩夫婦とお茶をしながら,室内_友人知人宅,友人知人・家族,T007_005b.csv,3+ speakers (対象外): 3 speakers
T007_005,T007_005a,塚田,70-74歳,男性,"塚田, 秀夫, 節子","塚田(男性, 70-74歳) | 秀夫(男性, 70-74歳) | 節子(女性, 65-69歳)",3,先輩宅で先輩夫婦とお茶をしながら,室内_友人知人宅,友人知人・家族,T007_005a.csv,3+ speakers (対象外): 3 speakers
T007_006,T007_006,塚田,70-74歳,男性,"塚田, 佳代, 誠","塚田(男性, 70-74歳) | 佳代(女性, 65-69歳) | 誠(男性, 60-64歳)",3,実家で弟・妹とテレビを見ながら,室内_実家,家族,T007_006.csv,3+ speakers (対象外): 3 speakers
T007_007,T007_007,塚田,70-74歳,男性,"塚田, 青木, 田辺, 清水, 小山, 渋谷, 宇野, 栗山, 栗山娘","塚田(男性, 70-74歳) | 青木(男性, 80-84歳) | 田辺(女性, 65-69歳) | 清水(女性, 45-49歳) | 小山(女性, 70-74歳) | 渋谷(女性, 65-69歳) | 宇野(女性, 60-64歳) | 栗山(女性, 45-49歳) | 栗山娘(女性, 10-14歳)",9,公共施設で地域活動の仲間たちとイベントの予行練習,公共商業施設_公共施設,友人知人・仕事関係・先生生徒,T007_007.csv,3+ speakers (対象外): 9 speakers
T007_014,T007_014a,塚田,70-74歳,男性,"塚田, 芳恵, ゆづき, 野口, おかみ","塚田(男性, 70-74歳) | 芳恵(女性, 70-74歳) | ゆづき(女性, 40-44歳) | 野口(男性, 50-54歳) | おかみ(女性, 40-44歳)",5,飲食店で配偶者・娘夫婦と食事会,公共商業施設_飲食店,家族・親戚,T007_014a.csv,3+ speakers (対象外): 5 speakers
T007_014,T007_014b,塚田,70-74歳,男性,"塚田, 芳恵, ゆづき, 野口, おかみ","塚田(男性, 70-74歳) | 芳恵(女性, 70-74歳) | ゆづき(女性, 40-44歳) | 野口(男性, 50-54歳) | おかみ(女性, 40-44歳)",5,飲食店で配偶者・娘夫婦と食事会,公共商業施設_飲食店,家族・親戚,T007_014b.csv,3+ speakers (対象外): 5 speakers
T007_014,T007_014c,塚田,70-74歳,男性,"塚田, 芳恵, ゆづき, 野口, おかみ","塚田(男性, 70-74歳) | 芳恵(女性, 70-74歳) | ゆづき(女性, 40-44歳) | 野口(男性, 50-54歳) | おかみ(女性, 40-44歳)",5,飲食店で配偶者・娘夫婦と食事会,公共商業施設_飲食店,家族・親戚,T007_014c.csv,3+ speakers (対象外): 5 speakers
T007_015,T007_015,塚田,70-74歳,男性,"塚田, ゆづき, 野口","塚田(男性, 70-74歳) | ゆづき(女性, 40-44歳) | 野口(男性, 50-54歳)",3,娘夫婦と車で移動中,交通機関_車,家族・親戚,T007_015.csv,3+ speakers (対象外): 3 speakers
T007_017,T007_017,塚田,70-74歳,男性,"塚田, 青木, 清水, 小山","塚田(男性, 70-74歳) | 青木(男性, 80-84歳) | 清水(女性, 45-49歳) | 小山(女性, 70-74歳)",4,公共施設で地域活動の仲間たちと役員会,公共商業施設_公共施設,友人知人,T007_017.csv,3+ speakers (対象外): 4 speakers
T008_006,T008_006,彩香,30-34歳,女性,"彩香, 康明, 忍, 昌弘, 佐穂, 智生, 店員","彩香(女性, 30-34歳) | 康明(男性, 35-39歳) | 忍(男性, 45-49歳) | 昌弘(男性, 30-34歳) | 佐穂(女性, 20-24歳) | 智生(男性, 30-34歳) | 店員(女性, nan)",7,飲食店で配偶者・配偶者の同僚たちとイベントの打ち上げ,公共商業施設_飲食店,友人知人・家族・同僚・仕事関係,T008_006.csv,Unknown/missing age or gender data
T008_010,T008_010,彩香,30-34歳,女性,"彩香, 恒也, 店員","彩香(女性, 30-34歳) | 恒也(男性, 45-49歳) | 店員(男性, nan)",3,飲食店で仕事関係者と飲みながら,公共商業施設_飲食店,仕事関係,T008_010.csv,Unknown/missing age or gender data
T008_017,T008_017a,彩香,30-34歳,女性,"彩香, 春菜, 琢巳","彩香(女性, 30-34歳) | 春菜(女性, 35-39歳) | 琢巳(男性, 35-39歳)",3,友人宅で友人夫婦とお茶をしながら,室内_友人知人宅,友人知人・家族,T008_017a.csv,3+ speakers (対象外): 3 speakers
T008_017,T008_017b,彩香,30-34歳,女性,"彩香, 春菜, 琢巳","彩香(女性, 30-34歳) | 春菜(女性, 35-39歳) | 琢巳(男性, 35-39歳)",3,友人宅で友人夫婦とお茶をしながら,室内_友人知人宅,友人知人・家族,T008_017b.csv,3+ speakers (対象外): 3 speakers
T009_003,T009_003,安藤,20-24歳,女性,"安藤, 俊明, 店員","安藤(女性, 20-24歳) | 俊明(男性, 20-24歳) | 店員(女性, nan)",3,飲食店で恋人と夕食を取りながら,公共商業施設_飲食店,友人知人,T009_003.csv,Unknown/missing age or gender data
T009_004,T009_004,安藤,20-24歳,女性,"安藤, 古川, 片山, 松尾, 浅野","安藤(女性, 20-24歳) | 古川(男性, 20-24歳) | 片山(女性, 20-24歳) | 松尾(女性, 20-24歳) | 浅野(男性, 20-24歳)",5,大学で同じ研究室の学生たちとゼミの打合せ,学校,友人知人,T009_004.csv,3+ speakers (対象外): 5 speakers
T009_006,T009_006,安藤,20-24歳,女性,"安藤, 早川, 笹岡, 富永, 竹中, 根本, 須藤, 広瀬, 望月","安藤(女性, 20-24歳) | 早川(男性, 20-24歳) | 笹岡(男性, 20-24歳) | 富永(男性, 20-24歳) | 竹中(男性, 20-24歳) | 根本(女性, 20-24歳) | 須藤(女性, 20-24歳) | 広瀬(男性, 20-24歳) | 望月(男性, 20-24歳)",9,大学で大学祭実行委員会サークルの幹部会議,学校,友人知人,T009_006.csv,3+ speakers (対象外): 9 speakers
T009_008,T009_008a,安藤,20-24歳,女性,"安藤, 早川, 笹岡, 富永, 竹中, 根本, 須藤, 広瀬, 望月","安藤(女性, 20-24歳) | 早川(男性, 20-24歳) | 笹岡(男性, 20-24歳) | 富永(男性, 20-24歳) | 竹中(男性, 20-24歳) | 根本(女性, 20-24歳) | 須藤(女性, 20-24歳) | 広瀬(男性, 20-24歳) | 望月(男性, 20-24歳)",9,大学で大学祭実行委員会サークルの幹部会議,学校,友人知人,T009_008a.csv,3+ speakers (対象外): 9 speakers
T009_008,T009_008b,安藤,20-24歳,女性,"安藤, 早川, 笹岡, 富永, 竹中, 根本, 須藤, 広瀬, 望月","安藤(女性, 20-24歳) | 早川(男性, 20-24歳) | 笹岡(男性, 20-24歳) | 富永(男性, 20-24歳) | 竹中(男性, 20-24歳) | 根本(女性, 20-24歳) | 須藤(女性, 20-24歳) | 広瀬(男性, 20-24歳) | 望月(男性, 20-24歳)",9,大学で大学祭実行委員会サークルの幹部会議,学校,友人知人,T009_008b.csv,3+ speakers (対象外): 9 speakers
T009_010,T009_010,安藤,20-24歳,女性,"安藤, 早苗, 桃子, 圭吾","安藤(女性, 20-24歳) | 早苗(女性, 80-84歳) | 桃子(女性, 50-54歳) | 圭吾(男性, 50-54歳)",4,自宅で両親・祖母と夕食を取りながら,自宅,家族,T009_010.csv,3+ speakers (対象外): 4 speakers
T009_011,T009_011a,安藤,20-24歳,女性,"安藤, 古川, 片山, 松尾, 店員","安藤(女性, 20-24歳) | 古川(男性, 20-24歳) | 片山(女性, 20-24歳) | 松尾(女性, 20-24歳) | 店員(女性, nan)",5,飲食店で同じゼミの学生たちと飲みながら,公共商業施設_飲食店,友人知人,T009_011a.csv,Unknown/missing age or gender data
T009_011,T009_011b,安藤,20-24歳,女性,"安藤, 古川, 片山, 松尾","安藤(女性, 20-24歳) | 古川(男性, 20-24歳) | 片山(女性, 20-24歳) | 松尾(女性, 20-24歳)",4,飲食店で同じゼミの学生たちと飲みながら,公共商業施設_飲食店,友人知人,T009_011b.csv,3+ speakers (対象外): 4 speakers
T009_014,T009_014b,安藤,20-24歳,女性,"安藤, 俊明, 柚本, 秀太, 店員","安藤(女性, 20-24歳) | 俊明(男性, 20-24歳) | 柚本(女性, 20-24歳) | 秀太(男性, 20-24歳) | 店員(男性, nan)",5,飲食店で恋人・友人たちと昼食を食べながら,公共商業施設_飲食店,友人知人,T009_014b.csv,Unknown/missing age or gender data
T009_014,T009_014a,安藤,20-24歳,女性,"安藤, 俊明, 柚本, 秀太","安藤(女性, 20-24歳) | 俊明(男性, 20-24歳) | 柚本(女性, 20-24歳) | 秀太(男性, 20-24歳)",4,飲食店で恋人・友人たちと昼食を食べながら,公共商業施設_飲食店,友人知人,T009_014a.csv,3+ speakers (対象外): 4 speakers
T009_015,T009_015,安藤,20-24歳,女性,"安藤, 桃子, 店員","安藤(女性, 20-24歳) | 桃子(女性, 50-54歳) | 店員(男性, nan)",3,飲食店で母と夕食を取りながら,公共商業施設_飲食店,家族,T009_015.csv,Unknown/missing age or gender data
T009_018,T009_018,安藤,20-24歳,女性,"安藤, 桃子, 圭吾","安藤(女性, 20-24歳) | 桃子(女性, 50-54歳) | 圭吾(男性, 50-54歳)",3,自宅で両親と雑談,自宅,家族,T009_018.csv,3+ speakers (対象外): 3 speakers
T009_020,T009_020,安藤,20-24歳,女性,"安藤, 早苗, 桃子, 圭吾, 圭一, 鈴子","安藤(女性, 20-24歳) | 早苗(女性, 80-84歳) | 桃子(女性, 50-54歳) | 圭吾(男性, 50-54歳) | 圭一(男性, 80-84歳) | 鈴子(女性, 80-84歳)",6,自宅で両親・父方の祖父母・母方の祖母と雑談,自宅,家族・親戚,T009_020.csv,3+ speakers (対象外): 6 speakers
T009_022,T009_022,安藤,20-24歳,女性,"安藤, 岩本, 店長, 客, 客","安藤(女性, 20-24歳) | 岩本(女性, 30-34歳) | 店長(女性, nan) | 客(男性, nan) | 客(女性, nan)",5,飲食店で同僚と雑務や接客をしながら,職場,同僚,T009_022.csv,Unknown/missing age or gender data
T010_003,T010_003,徹,20-24歳,男性,"徹, サブ, 准","徹(男性, 20-24歳) | サブ(女性, 50-54歳) | 准(男性, 20-24歳)",3,自宅で母・兄と夕食後の雑談,自宅,家族,T010_003.csv,3+ speakers (対象外): 3 speakers
T010_004,T010_004,徹,20-24歳,男性,"徹, 龍之介, 大場","徹(男性, 20-24歳) | 龍之介(男性, 20-24歳) | 大場(男性, 20-24歳)",3,大学で友人たちと雑談,学校,友人知人,T010_004.csv,3+ speakers (対象外): 3 speakers
T010_006,T010_006a,徹,20-24歳,男性,"徹, サブ, 准, そう","徹(男性, 20-24歳) | サブ(女性, 50-54歳) | 准(男性, 20-24歳) | そう(男性, 50-54歳)",4,自宅で両親・兄と夕食後の雑談,自宅,家族,T010_006a.csv,3+ speakers (対象外): 4 speakers
T010_006,T010_006b,徹,20-24歳,男性,"徹, サブ, 准, そう","徹(男性, 20-24歳) | サブ(女性, 50-54歳) | 准(男性, 20-24歳) | そう(男性, 50-54歳)",4,自宅で両親・兄と夕食後の雑談,自宅,家族,T010_006b.csv,3+ speakers (対象外): 4 speakers
T010_007,T010_007,徹,20-24歳,男性,"徹, 大槻, 店員, 店員","徹(男性, 20-24歳) | 大槻(男性, 30-34歳) | 店員(男性, nan) | 店員(女性, nan)",4,飲食店で母校の教員と講座企画の打合せ,公共商業施設_飲食店,先生生徒,T010_007.csv,Unknown/missing age or gender data
T011_005,T011_005,佐竹,40-44歳,女性,"佐竹, パパ, 清隆, 翔真","佐竹(女性, 40-44歳) | パパ(男性, 45-49歳) | 清隆(男性, 10-14歳) | 翔真(男性, 10-14歳)",4,自宅で配偶者・息子たちと夕食を取りながら,自宅,家族,T011_005.csv,3+ speakers (対象外): 4 speakers
T011_007,T011_007,佐竹,40-44歳,女性,"佐竹, 弓絵, 咲乃, 店員","佐竹(女性, 40-44歳) | 弓絵(女性, 45-49歳) | 咲乃(女性, 50-54歳) | 店員(女性, nan)",4,飲食店で友人たちとお茶をしながら,公共商業施設_飲食店,友人知人,T011_007.csv,Unknown/missing age or gender data
T011_008,T011_008,佐竹,40-44歳,女性,"佐竹, パパ, 清隆, 翔真","佐竹(女性, 40-44歳) | パパ(男性, 45-49歳) | 清隆(男性, 10-14歳) | 翔真(男性, 10-14歳)",4,自宅で配偶者・息子たちと夕食を取りながら,自宅,家族,T011_008.csv,3+ speakers (対象外): 4 speakers
T011_009,T011_009,佐竹,40-44歳,女性,"佐竹, パパ, 翔真","佐竹(女性, 40-44歳) | パパ(男性, 45-49歳) | 翔真(男性, 10-14歳)",3,公園で配偶者・息子とバードウォッチング,屋外,家族,T011_009.csv,3+ speakers (対象外): 3 speakers
T011_012,T011_012,佐竹,40-44歳,女性,"佐竹, パパ, 清隆, 翔真","佐竹(女性, 40-44歳) | パパ(男性, 45-49歳) | 清隆(男性, 10-14歳) | 翔真(男性, 10-14歳)",4,配偶者・息子たちと車で移動中,交通機関_車,家族,T011_012.csv,3+ speakers (対象外): 4 speakers
T011_013,T011_013,佐竹,40-44歳,女性,"佐竹, パパ, 清隆, 翔真","佐竹(女性, 40-44歳) | パパ(男性, 45-49歳) | 清隆(男性, 10-14歳) | 翔真(男性, 10-14歳)",4,自宅で配偶者・息子たちと元旦に朝食を取りながら,自宅,家族,T011_013.csv,3+ speakers (対象外): 4 speakers
T011_014,T011_014,佐竹,40-44歳,女性,"佐竹, パパ, 清隆, 翔真, 英子, 太一, 良明, 義父, 瑠花, 悠人, 麻里, 義母","佐竹(女性, 40-44歳) | パパ(男性, 45-49歳) | 清隆(男性, 10-14歳) | 翔真(男性, 10-14歳) | 英子(女性, 40-44歳) | 太一(男性, 35-39歳) | 良明(男性, 45-49歳) | 義父(男性, 70-74歳) | 瑠花(女性, 0-4歳) | 悠人(男性, 5-9歳) | 麻里(女性, 10-14歳) | 義母(女性, 70-74歳)",12,配偶者の実家で家族・親戚と正月の集まり,室内_実家,家族・親戚,T011_014.csv,3+ speakers (対象外): 12 speakers
T011_015,T011_015,佐竹,40-44歳,女性,"佐竹, パパ, 清隆, 翔真","佐竹(女性, 40-44歳) | パパ(男性, 45-49歳) | 清隆(男性, 10-14歳) | 翔真(男性, 10-14歳)",4,自宅で配偶者・息子たちとインコと遊びながら,自宅,家族,T011_015.csv,3+ speakers (対象外): 4 speakers
T011_017,T011_017,佐竹,40-44歳,女性,"佐竹, 武井, 小川, 高木, 矢口, 店員, 店員","佐竹(女性, 40-44歳) | 武井(女性, 45-49歳) | 小川(女性, 55-59歳) | 高木(女性, 35-39歳) | 矢口(女性, 35-39歳) | 店員(女性, nan) | 店員(男性, nan)",7,飲食店で同僚たちと飲みながら,公共商業施設_飲食店,同僚,T011_017.csv,Unknown/missing age or gender data
T011_019,T011_019,佐竹,40-44歳,女性,"佐竹, 清隆, 早人, 島田, 店員","佐竹(女性, 40-44歳) | 清隆(男性, 10-14歳) | 早人(男性, 10-14歳) | 島田(男性, 10-14歳) | 店員(女性, nan)",5,飲食店で息子・知人たちと昼食を取りながら,公共商業施設_飲食店,友人知人・家族,T011_019.csv,Unknown/missing age or gender data
T013_004,T013_004,溝口,65-69歳,男性,"溝口, 真由美, 田辺, 内山, 同僚","溝口(男性, 65-69歳) | 真由美(女性, 20-24歳) | 田辺(女性, 20-24歳) | 内山(女性, 20-24歳) | 同僚(男性, nan)",5,大学で学生たちと雑談,職場,友人知人・先生生徒,T013_004.csv,Unknown/missing age or gender data
T013_006,T013_006,溝口,65-69歳,男性,"溝口, 須賀, 中島, 草野, 石井, 斉藤","溝口(男性, 65-69歳) | 須賀(男性, 55-59歳) | 中島(男性, 55-59歳) | 草野(男性, 55-59歳) | 石井(女性, 65-69歳) | 斉藤(女性, 50-54歳)",6,大学で同僚たちと昼食を取りながら,職場,同僚,T013_006.csv,3+ speakers (対象外): 6 speakers
T013_008,T013_008,溝口,65-69歳,男性,"溝口, 由紀江, 義母","溝口(男性, 65-69歳) | 由紀江(女性, 60-64歳) | 義母(女性, 90-94歳)",3,配偶者の実家で義母・義弟の妻と朝食後の雑談,室内_実家,家族・親戚,T013_008.csv,3+ speakers (対象外): 3 speakers
T013_009,T013_009,溝口,65-69歳,男性,"溝口, 妻, 義妹, 義母","溝口(男性, 65-69歳) | 妻(女性, 60-64歳) | 義妹(女性, 55-59歳) | 義母(女性, 90-94歳)",4,配偶者の実家で夕食準備の合間に配偶者・義母・義妹と雑談,室内_実家,家族・親戚,T013_009.csv,3+ speakers (対象外): 4 speakers
T013_013,T013_013,溝口,65-69歳,男性,"溝口, 真由美, 田辺, 内山","溝口(男性, 65-69歳) | 真由美(女性, 20-24歳) | 田辺(女性, 20-24歳) | 内山(女性, 20-24歳)",4,公園で学生たちと散歩しながら,屋外,友人知人・先生生徒,T013_013.csv,3+ speakers (対象外): 4 speakers
T013_014,T013_014a,溝口,65-69歳,男性,"溝口, 真由美, 田辺, 内山, 店員, 店員","溝口(男性, 65-69歳) | 真由美(女性, 20-24歳) | 田辺(女性, 20-24歳) | 内山(女性, 20-24歳) | 店員(女性, nan) | 店員(男性, nan)",6,飲食店で学生たちと懇親会,公共商業施設_飲食店,友人知人・先生生徒,T013_014a.csv,Unknown/missing age or gender data
T013_014,T013_014b,溝口,65-69歳,男性,"溝口, 真由美, 田辺, 内山, 店員","溝口(男性, 65-69歳) | 真由美(女性, 20-24歳) | 田辺(女性, 20-24歳) | 内山(女性, 20-24歳) | 店員(女性, nan)",5,飲食店で学生たちと懇親会,公共商業施設_飲食店,友人知人・先生生徒,T013_014b.csv,Unknown/missing age or gender data
T013_014,T013_014c,溝口,65-69歳,男性,"溝口, 真由美, 田辺, 内山","溝口(男性, 65-69歳) | 真由美(女性, 20-24歳) | 田辺(女性, 20-24歳) | 内山(女性, 20-24歳)",4,飲食店で学生たちと懇親会,公共商業施設_飲食店,友人知人・先生生徒,T013_014c.csv,3+ speakers (対象外): 4 speakers
T013_015,T013_015,溝口,65-69歳,男性,"溝口, 野田, 杉山, 店員","溝口(男性, 65-69歳) | 野田(女性, 45-49歳) | 杉山(男性, 70-74歳) | 店員(男性, nan)",4,飲食店で友人たちと飲みながら,公共商業施設_飲食店,友人知人,T013_015.csv,Unknown/missing age or gender data
T013_017,T013_017,溝口,65-69歳,男性,"溝口, 内藤, 店員, 店員","溝口(男性, 65-69歳) | 内藤(男性, 65-69歳) | 店員(男性, nan) | 店員(女性, nan)",4,飲食店で元同僚と飲みながら,公共商業施設_飲食店,元同僚,T013_017.csv,Unknown/missing age or gender data
T013_018,T013_018,溝口,65-69歳,男性,"溝口, 内藤, 店員","溝口(男性, 65-69歳) | 内藤(男性, 65-69歳) | 店員(男性, nan)",3,飲食店で元同僚と飲みながら,公共商業施設_飲食店,元同僚,T013_018.csv,Unknown/missing age or gender data
T013_021,T013_021,溝口,65-69歳,男性,"溝口, 北村, 店員","溝口(男性, 65-69歳) | 北村(男性, 65-69歳) | 店員(女性, nan)",3,飲食店で先輩と飲みながら,公共商業施設_飲食店,友人知人,T013_021.csv,Unknown/missing age or gender data
T014_006,T014_006,吉田,45-49歳,女性,"吉田, 母, 父","吉田(女性, 45-49歳) | 母(女性, 70-74歳) | 父(男性, 70-74歳)",3,実家で両親とお茶をしながら,室内_実家,家族,T014_006.csv,3+ speakers (対象外): 3 speakers
T014_014,T014_014b,吉田,45-49歳,女性,"吉田, 母, 父","吉田(女性, 45-49歳) | 母(女性, 70-74歳) | 父(男性, 70-74歳)",3,実家で両親とテレビを見ながら,室内_実家,家族,T014_014b.csv,3+ speakers (対象外): 3 speakers
T014_014,T014_014a,吉田,45-49歳,女性,"吉田, 母, 父","吉田(女性, 45-49歳) | 母(女性, 70-74歳) | 父(男性, 70-74歳)",3,実家で両親とテレビを見ながら,室内_実家,家族,T014_014a.csv,3+ speakers (対象外): 3 speakers
T014_016,T014_016,吉田,45-49歳,女性,"吉田, 沼, 店員","吉田(女性, 45-49歳) | 沼(女性, 45-49歳) | 店員(女性, nan)",3,飲食店で友人と昼食を取りながら,公共商業施設_飲食店,友人知人,T014_016.csv,Unknown/missing age or gender data
T014_021,T014_021,吉田,45-49歳,女性,"吉田, 母, 父","吉田(女性, 45-49歳) | 母(女性, 70-74歳) | 父(男性, 70-74歳)",3,墓地で両親とお墓参り,屋外,家族,T014_021.csv,3+ speakers (対象外): 3 speakers
T015_001,T015_001,小川,50-54歳,男性,"小川, 滝, 大石, 山根, 父","小川(男性, 50-54歳) | 滝(女性, 50-54歳) | 大石(女性, 35-39歳) | 山根(女性, 25-29歳) | 父(男性, 80-84歳)",5,会社の事務所で従業員たちと仕事をしながら,職場,同僚,T015_001.csv,3+ speakers (対象外): 5 speakers
T015_004,T015_004,小川,50-54歳,男性,"小川, 星島, 笹村, 安原","小川(男性, 50-54歳) | 星島(男性, 55-59歳) | 笹村(男性, 40-44歳) | 安原(男性, 40-44歳)",4,会社の応接室でボーイスカウトの役員たちとイベントについて打合せ,職場,友人知人,T015_004.csv,3+ speakers (対象外): 4 speakers
T015_005,T015_005,小川,50-54歳,男性,"小川, 滝, 平岡, 店員","小川(男性, 50-54歳) | 滝(女性, 50-54歳) | 平岡(男性, 50-54歳) | 店員(女性, nan)",4,飲食店で友人・部下と飲みながら,公共商業施設_飲食店,友人知人・同僚,T015_005.csv,Unknown/missing age or gender data
T015_006,T015_006,小川,50-54歳,男性,"小川, 滝, 大石, 山根, 秋元, 店員","小川(男性, 50-54歳) | 滝(女性, 50-54歳) | 大石(女性, 35-39歳) | 山根(女性, 25-29歳) | 秋元(男性, 50-54歳) | 店員(女性, nan)",6,飲食店で従業員たちと送別会,公共商業施設_飲食店,同僚,T015_006.csv,Unknown/missing age or gender data
T015_007,T015_007,小川,50-54歳,男性,"小川, 今村, 坂井","小川(男性, 50-54歳) | 今村(男性, 40-44歳) | 坂井(男性, 45-49歳)",3,会社の応接室で取引先の方たちと打合せ,職場,同僚・仕事関係,T015_007.csv,3+ speakers (対象外): 3 speakers
T015_011,T015_011,小川,50-54歳,男性,"小川, 井口, 工藤","小川(男性, 50-54歳) | 井口(男性, 45-49歳) | 工藤(男性, 65-69歳)",3,会社の応接室でボーイスカウトの役員たちと運営の打合せ,職場,友人知人,T015_011.csv,3+ speakers (対象外): 3 speakers
T015_012,T015_012b,小川,50-54歳,男性,"小川, 翔太, 店員","小川(男性, 50-54歳) | 翔太(男性, 10-14歳) | 店員(男性, nan)",3,飲食店で息子と夕食を取りながら,公共商業施設_飲食店,家族,T015_012b.csv,Unknown/missing age or gender data
T015_014,T015_014,小川,50-54歳,男性,"小川, 平川, 店員","小川(男性, 50-54歳) | 平川(男性, 65-69歳) | 店員(男性, nan)",3,飲食店でボーイスカウトの先輩と夕食を取りながら,公共商業施設_飲食店,友人知人,T015_014.csv,Unknown/missing age or gender data
T015_015,T015_015,小川,50-54歳,男性,"小川, 井口, 金田, 古井, 渋谷, 杉山, 江戸川","小川(男性, 50-54歳) | 井口(男性, 45-49歳) | 金田(男性, 55-59歳) | 古井(男性, 35-39歳) | 渋谷(男性, 40-44歳) | 杉山(男性, 50-54歳) | 江戸川(女性, 50-54歳)",7,野営場でボーイスカウトの仲間たちと組織の運営について相談,屋外,友人知人,T015_015.csv,3+ speakers (対象外): 7 speakers
T015_017,T015_017,小川,50-54歳,男性,"小川, 滝, 二村, 登坂, 店員","小川(男性, 50-54歳) | 滝(女性, 50-54歳) | 二村(男性, 50-54歳) | 登坂(男性, 50-54歳) | 店員(男性, nan)",5,飲食店で従業員と取引先の方たちの接待,公共商業施設_飲食店,同僚・仕事関係,T015_017.csv,Unknown/missing age or gender data
T015_018,T015_018,小川,50-54歳,男性,"小川, 翔太, 久子, 美紗子","小川(男性, 50-54歳) | 翔太(男性, 10-14歳) | 久子(女性, 50-54歳) | 美紗子(女性, 15-19歳)",4,自宅で配偶者・娘・息子とテレビを見ながら夕食,自宅,家族,T015_018.csv,3+ speakers (対象外): 4 speakers
T015_019,T015_019,小川,50-54歳,男性,"小川, 母, 父","小川(男性, 50-54歳) | 母(女性, 70-74歳) | 父(男性, 80-84歳)",3,実家で両親と雑談,室内_実家,家族,T015_019.csv,3+ speakers (対象外): 3 speakers
T016_001,T016_001,慎吾,40-44歳,男性,"慎吾, 理奈子, 謙一, 鉄朗, ばあば","慎吾(男性, 40-44歳) | 理奈子(女性, 35-39歳) | 謙一(男性, 10-14歳) | 鉄朗(男性, 0-4歳) | ばあば(女性, 65-69歳)",5,自宅で配偶者・息子たち・義母と夕食を取りながら,自宅,家族,T016_001.csv,3+ speakers (対象外): 5 speakers
T016_002,T016_002,慎吾,40-44歳,男性,"慎吾, 理奈子, 謙一, ばあば","慎吾(男性, 40-44歳) | 理奈子(女性, 35-39歳) | 謙一(男性, 10-14歳) | ばあば(女性, 65-69歳)",4,自宅で配偶者・息子・義母と夕食を取りながら,自宅,家族,T016_002.csv,3+ speakers (対象外): 4 speakers
T016_004,T016_004a,慎吾,40-44歳,男性,"慎吾, 理奈子, 謙一, 鉄朗, ばあば","慎吾(男性, 40-44歳) | 理奈子(女性, 35-39歳) | 謙一(男性, 10-14歳) | 鉄朗(男性, 0-4歳) | ばあば(女性, 65-69歳)",5,自宅で配偶者・息子たち・義母と夕食を取りながら,自宅,家族,T016_004a.csv,3+ speakers (対象外): 5 speakers
T016_004,T016_004b,慎吾,40-44歳,男性,"慎吾, 理奈子, 謙一, 鉄朗, ばあば","慎吾(男性, 40-44歳) | 理奈子(女性, 35-39歳) | 謙一(男性, 10-14歳) | 鉄朗(男性, 0-4歳) | ばあば(女性, 65-69歳)",5,自宅で配偶者・息子たち・義母と夕食を取りながら,自宅,家族,T016_004b.csv,3+ speakers (対象外): 5 speakers
T016_007,T016_007,慎吾,40-44歳,男性,"慎吾, 理奈子, 謙一, 鉄朗, ばあば","慎吾(男性, 40-44歳) | 理奈子(女性, 35-39歳) | 謙一(男性, 10-14歳) | 鉄朗(男性, 0-4歳) | ばあば(女性, 65-69歳)",5,配偶者・息子たち・義母と車で移動中,交通機関_車,家族,T016_007.csv,3+ speakers (対象外): 5 speakers
T017_004,T017_004,岡崎,60-64歳,女性,"岡崎, 佐久間, スタッフ, スタッフ","岡崎(女性, 60-64歳) | 佐久間(男性, 30-34歳) | スタッフ(女性, 30-34歳) | スタッフ(女性, nan)",4,美容院で美容師と雑談,公共商業施設_商業施設,サービス場面関係,T017_004.csv,Unknown/missing age or gender data
T017_005,T017_005c,岡崎,60-64歳,女性,"岡崎, 北村, 奥野, 古長","岡崎(女性, 60-64歳) | 北村(男性, 60-64歳) | 奥野(女性, 60-64歳) | 古長(男性, 60-64歳)",4,飲食店で友人たちと飲みながら,公共商業施設_飲食店,友人知人,T017_005c.csv,3+ speakers (対象外): 4 speakers
T017_005,T017_005a,岡崎,60-64歳,女性,"岡崎, 北村, 奥野, 古長, 店員, 店員","岡崎(女性, 60-64歳) | 北村(男性, 60-64歳) | 奥野(女性, 60-64歳) | 古長(男性, 60-64歳) | 店員(男性, nan) | 店員(女性, nan)",6,飲食店で友人たちと飲みながら,公共商業施設_飲食店,友人知人,T017_005a.csv,Unknown/missing age or gender data
T017_005,T017_005b,岡崎,60-64歳,女性,"岡崎, 北村, 奥野, 古長, 店員","岡崎(女性, 60-64歳) | 北村(男性, 60-64歳) | 奥野(女性, 60-64歳) | 古長(男性, 60-64歳) | 店員(男性, nan)",5,飲食店で友人たちと飲みながら,公共商業施設_飲食店,友人知人,T017_005b.csv,Unknown/missing age or gender data
T017_008,T017_008,岡崎,60-64歳,女性,"岡崎, 真鍋, 松井, 店員","岡崎(女性, 60-64歳) | 真鍋(男性, 65-69歳) | 松井(男性, 70-74歳) | 店員(男性, nan)",4,飲食店で知人と夕食を取りながら,公共商業施設_飲食店,友人知人・仕事関係,T017_008.csv,Unknown/missing age or gender data
T017_017,T017_017,岡崎,60-64歳,女性,"岡崎, 由里子, 店員","岡崎(女性, 60-64歳) | 由里子(女性, 55-59歳) | 店員(男性, nan)",3,飲食店で妹と夕食を取りながら,公共商業施設_飲食店,家族,T017_017.csv,Unknown/missing age or gender data
T018_001,T018_001,根本,50-54歳,男性,"根本, 山崎, 未羽","根本(男性, 50-54歳) | 山崎(男性, 30-34歳) | 未羽(女性, 15-19歳)",3,塾で部下・生徒と雑談,職場,同僚・先生生徒,T018_001.csv,3+ speakers (対象外): 3 speakers
T018_004,T018_004,根本,50-54歳,男性,"根本, 山崎, 配達人","根本(男性, 50-54歳) | 山崎(男性, 30-34歳) | 配達人(男性, nan)",3,塾で部下と仕事について相談,職場,同僚,T018_004.csv,Unknown/missing age or gender data
T018_005,T018_005,根本,50-54歳,男性,"根本, 山崎, 未羽, 楊","根本(男性, 50-54歳) | 山崎(男性, 30-34歳) | 未羽(女性, 15-19歳) | 楊(男性, 10-14歳)",4,塾で部下・生徒と雑談,職場,同僚・先生生徒,T018_005.csv,3+ speakers (対象外): 4 speakers
T018_006,T018_006a,根本,50-54歳,男性,"根本, 未羽, 紫音","根本(男性, 50-54歳) | 未羽(女性, 15-19歳) | 紫音(女性, 10-14歳)",3,塾で生徒・生徒の妹と雑談,職場,家族・先生生徒,T018_006a.csv,3+ speakers (対象外): 3 speakers
T018_006,T018_006b,根本,50-54歳,男性,"根本, 未羽, 紫音","根本(男性, 50-54歳) | 未羽(女性, 15-19歳) | 紫音(女性, 10-14歳)",3,塾で生徒・生徒の妹と雑談,職場,家族・先生生徒,T018_006b.csv,3+ speakers (対象外): 3 speakers
T018_014,T018_014,根本,50-54歳,男性,"根本, 酒見, 松山, 酒見妻","根本(男性, 50-54歳) | 酒見(男性, 50-54歳) | 松山(男性, 25-29歳) | 酒見妻(女性, 50-54歳)",4,飲食店で店員・常連客と雑談,公共商業施設_飲食店,友人知人・家族・サービス場面関係,T018_014.csv,3+ speakers (対象外): 4 speakers
T019_002,T019_002,原田,40-44歳,男性,"原田, 郷美, 晴哉, 麗央","原田(男性, 40-44歳) | 郷美(女性, nan) | 晴哉(男性, 10-14歳) | 麗央(男性, 15-19歳)",4,配偶者・息子たちと車で移動中,交通機関_車,家族,T019_002.csv,Unknown/missing age or gender data
T019_004,T019_004,原田,40-44歳,男性,"原田, 郷美, 晴哉, 麗央, 朋代, 早人, 烈, 瑠可, 桃代, 忠弘","原田(男性, 40-44歳) | 郷美(女性, nan) | 晴哉(男性, 10-14歳) | 麗央(男性, 15-19歳) | 朋代(女性, 35-39歳) | 早人(男性, 35-39歳) | 烈(男性, 5-9歳) | 瑠可(男性, 10-14歳) | 桃代(女性, 60-64歳) | 忠弘(男性, 60-64歳)",10,配偶者の実家で家族・親戚と夕食後の雑談,室内_実家,家族・親戚,T019_004.csv,Unknown/missing age or gender data
T019_005,T019_005a,原田,40-44歳,男性,"原田, 三島, 並木, 野茂, 的場","原田(男性, 40-44歳) | 三島(男性, 60-64歳) | 並木(男性, 50-54歳) | 野茂(女性, nan) | 的場(女性, 20-24歳)",5,会社で同僚と定例打合せ,職場,同僚,T019_005a.csv,Unknown/missing age or gender data
T019_005,T019_005b,原田,40-44歳,男性,"原田, 三島, 並木, 野茂, 的場","原田(男性, 40-44歳) | 三島(男性, 60-64歳) | 並木(男性, 50-54歳) | 野茂(女性, nan) | 的場(女性, 20-24歳)",5,会社で同僚と定例打合せ,職場,同僚,T019_005b.csv,Unknown/missing age or gender data
T019_010,T019_010,原田,40-44歳,男性,"原田, 郷美, 晴哉, 麗央","原田(男性, 40-44歳) | 郷美(女性, nan) | 晴哉(男性, 10-14歳) | 麗央(男性, 15-19歳)",4,自宅で配偶者・息子たちと夕食を取りながら,自宅,家族,T019_010.csv,Unknown/missing age or gender data
T019_011,T019_011a,原田,40-44歳,男性,"原田, 郷美","原田(男性, 40-44歳) | 郷美(女性, nan)",2,自宅で配偶者と夏休みの予定について相談,自宅,家族,T019_011a.csv,Unknown/missing age or gender data
T019_011,T019_011b,原田,40-44歳,男性,"原田, 郷美","原田(男性, 40-44歳) | 郷美(女性, nan)",2,自宅で配偶者と夏休みの予定について相談,自宅,家族,T019_011b.csv,Unknown/missing age or gender data
T019_015,T019_015,原田,40-44歳,男性,"原田, 郷美, 晴哉, 麗央","原田(男性, 40-44歳) | 郷美(女性, nan) | 晴哉(男性, 10-14歳) | 麗央(男性, 15-19歳)",4,自宅で配偶者・息子たちと夕食を取りながら,自宅,家族,T019_015.csv,Unknown/missing age or gender data
T020_001,T020_001,槇原,40-44歳,男性,"槇原, 皐月, 菜桜, 葉月","槇原(男性, 40-44歳) | 皐月(女性, 10-14歳) | 菜桜(女性, 40-44歳) | 葉月(女性, 10-14歳)",4,自宅で配偶者・娘たちと夕食を取りながら,自宅,家族,T020_001.csv,3+ speakers (対象外): 4 speakers
T020_004,T020_004,槇原,40-44歳,男性,"槇原, 小暮, 七原, 宇良, 寺居, 長塚","槇原(男性, 40-44歳) | 小暮(男性, 25-29歳) | 七原(女性, 45-49歳) | 宇良(女性, 45-49歳) | 寺居(女性, 50-54歳) | 長塚(女性, 50-54歳)",6,職員室で同僚たちと試験の採点をしながら,職場,同僚,T020_004.csv,3+ speakers (対象外): 6 speakers
T020_007,T020_007,槇原,40-44歳,男性,"槇原, 妹尾, 同僚","槇原(男性, 40-44歳) | 妹尾(男性, 35-39歳) | 同僚(女性, nan)",3,職員室で同僚と国語科の指導内容について相談,職場,同僚,T020_007.csv,Unknown/missing age or gender data
T020_008,T020_008,槇原,40-44歳,男性,"槇原, チコ, 苅野, 田安, 若田","槇原(男性, 40-44歳) | チコ(女性, 20-24歳) | 苅野(女性, 40-44歳) | 田安(女性, 45-49歳) | 若田(女性, 45-49歳)",5,高校のコピー室で同僚たちと資料を印刷しながら,職場,同僚,T020_008.csv,3+ speakers (対象外): 5 speakers
T020_010,T020_010d,槇原,40-44歳,男性,"槇原, 菜桜, 母, 妹","槇原(男性, 40-44歳) | 菜桜(女性, 40-44歳) | 母(女性, 65-69歳) | 妹(女性, 40-44歳)",4,実家で妹と雑談,室内_実家,家族,T020_010d.csv,3+ speakers (対象外): 4 speakers
T020_011,T020_011,槇原,40-44歳,男性,"槇原, 皐月, 菜桜, 葉月, 父, 母, 妹","槇原(男性, 40-44歳) | 皐月(女性, 10-14歳) | 菜桜(女性, 40-44歳) | 葉月(女性, 10-14歳) | 父(男性, 65-69歳) | 母(女性, 65-69歳) | 妹(女性, 40-44歳)",7,実家に家族が集まり夕食後の雑談,室内_実家,家族,T020_011.csv,3+ speakers (対象外): 7 speakers
T020_012,T020_012,槇原,40-44歳,男性,"槇原, 皐月, 菜桜, 葉月","槇原(男性, 40-44歳) | 皐月(女性, 10-14歳) | 菜桜(女性, 40-44歳) | 葉月(女性, 10-14歳)",4,自宅で娘たちと年賀状の印刷をしながら,自宅,家族,T020_012.csv,3+ speakers (対象外): 4 speakers
T020_013,T020_013a,槇原,40-44歳,男性,"槇原, 皐月, 葉月","槇原(男性, 40-44歳) | 皐月(女性, 10-14歳) | 葉月(女性, 10-14歳)",3,自宅で娘たちと夕食を取りながら,自宅,家族,T020_013a.csv,3+ speakers (対象外): 3 speakers
T020_013,T020_013b,槇原,40-44歳,男性,"槇原, 皐月, 葉月","槇原(男性, 40-44歳) | 皐月(女性, 10-14歳) | 葉月(女性, 10-14歳)",3,自宅で娘たちと夕食を取りながら,自宅,家族,T020_013b.csv,3+ speakers (対象外): 3 speakers
T020_020,T020_020a,槇原,40-44歳,男性,"槇原, 小暮, 七原, 妹尾, 宇良, 秋谷, 雛形, 藤沢, 鳩井","槇原(男性, 40-44歳) | 小暮(男性, 25-29歳) | 七原(女性, 45-49歳) | 妹尾(男性, 35-39歳) | 宇良(女性, 45-49歳) | 秋谷(女性, 50-54歳) | 雛形(女性, 60-64歳) | 藤沢(女性, 45-49歳) | 鳩井(女性, nan)",9,高校の打合せ室で同僚たちと国語科の会議,職場,同僚,T020_020a.csv,Unknown/missing age or gender data
T020_020,T020_020b,槇原,40-44歳,男性,"槇原, 小暮, 七原, 妹尾, 宇良, 秋谷, 雛形, 藤沢, 鳩井","槇原(男性, 40-44歳) | 小暮(男性, 25-29歳) | 七原(女性, 45-49歳) | 妹尾(男性, 35-39歳) | 宇良(女性, 45-49歳) | 秋谷(女性, 50-54歳) | 雛形(女性, 60-64歳) | 藤沢(女性, 45-49歳) | 鳩井(女性, nan)",9,高校の打合せ室で同僚たちと国語科の会議,職場,同僚,T020_020b.csv,Unknown/missing age or gender data
T020_021,T020_021,槇原,40-44歳,男性,"槇原, 川野, チコ, 玉津, 池下, 寺居, 平田","槇原(男性, 40-44歳) | 川野(女性, 35-39歳) | チコ(女性, 20-24歳) | 玉津(女性, 40-44歳) | 池下(女性, 50-54歳) | 寺居(女性, 50-54歳) | 平田(男性, 55-59歳)",7,高校の教室で同僚と学年会議,職場,同僚,T020_021.csv,3+ speakers (対象外): 7 speakers
T020_025,T020_025,槇原,40-44歳,男性,"槇原, 小暮, 宇良, 川崎, 寺居, 藤沢, 中屋敷, 作並","槇原(男性, 40-44歳) | 小暮(男性, 25-29歳) | 宇良(女性, 45-49歳) | 川崎(女性, 45-49歳) | 寺居(女性, 50-54歳) | 藤沢(女性, 45-49歳) | 中屋敷(男性, 35-39歳) | 作並(男性, 60-64歳)",8,職員室で同僚たちと指導について相談,職場,同僚,T020_025.csv,3+ speakers (対象外): 8 speakers
T021_006,T021_006,船戸,65-69歳,女性,"船戸, 小川, 訪問客","船戸(女性, 65-69歳) | 小川(男性, 50-54歳) | 訪問客(男性, nan)",3,印刷会社で社長と印刷物について打合せ,職場_相手の職場,仕事関係,T021_006.csv,Unknown/missing age or gender data
T021_008,T021_008,船戸,65-69歳,女性,"船戸, 治成, 楓夏, 美津子","船戸(女性, 65-69歳) | 治成(男性, 70-74歳) | 楓夏(女性, 10-14歳) | 美津子(女性, 45-49歳)",4,自宅で孫・息子の配偶者と雑談,自宅,家族,T021_008.csv,3+ speakers (対象外): 4 speakers
T021_010,T021_010a,早穂,10-14歳,女性,"船戸, 進治, 紀香, 早穂, 宗哲, 由香","船戸(女性, 65-69歳) | 進治(男性, 35-39歳) | 紀香(女性, 35-39歳) | 早穂(女性, 10-14歳) | 宗哲(男性, 5-9歳) | 由香(女性, 10-14歳)",6,自宅で娘・孫たち・娘の配偶者と雑談,自宅,家族,T021_010a.csv,3+ speakers (対象外): 6 speakers
T021_010,T021_010b,早穂,10-14歳,女性,"船戸, 進治, 紀香, 早穂, 宗哲, 由香","船戸(女性, 65-69歳) | 進治(男性, 35-39歳) | 紀香(女性, 35-39歳) | 早穂(女性, 10-14歳) | 宗哲(男性, 5-9歳) | 由香(女性, 10-14歳)",6,自宅で娘・孫たち・娘の配偶者と雑談,自宅,家族,T021_010b.csv,3+ speakers (対象外): 6 speakers
T022_008,T022_008a,雪室,25-29歳,男性,"雪室, 西野, 成田, 店員, 店員","雪室(男性, 25-29歳) | 西野(男性, 55-59歳) | 成田(男性, 20-24歳) | 店員(女性, nan) | 店員(男性, nan)",5,飲食店で元同僚・知人と夕食を取りながら,公共商業施設_飲食店,友人知人・同僚・元同僚,T022_008a.csv,Unknown/missing age or gender data
T022_008,T022_008b,雪室,25-29歳,男性,"雪室, 西野, 成田, 店員","雪室(男性, 25-29歳) | 西野(男性, 55-59歳) | 成田(男性, 20-24歳) | 店員(女性, nan)",4,飲食店で元同僚・知人と夕食を取りながら,公共商業施設_飲食店,友人知人・同僚・元同僚,T022_008b.csv,Unknown/missing age or gender data
T022_008,T022_008c,雪室,25-29歳,男性,"雪室, 西野, 成田, 店員","雪室(男性, 25-29歳) | 西野(男性, 55-59歳) | 成田(男性, 20-24歳) | 店員(女性, nan)",4,飲食店で元同僚・知人と夕食を取りながら,公共商業施設_飲食店,友人知人・同僚・元同僚,T022_008c.csv,Unknown/missing age or gender data
T022_011,T022_011,雪室,25-29歳,男性,"雪室, こう, 越谷, しゅん, 店員","雪室(男性, 25-29歳) | こう(男性, 25-29歳) | 越谷(男性, 25-29歳) | しゅん(男性, 25-29歳) | 店員(男性, nan)",5,飲食店で友人たちと夕食を取りながら,公共商業施設_飲食店,友人知人,T022_011.csv,Unknown/missing age or gender data
T022_013,T022_013a,雪室,25-29歳,男性,"雪室, ひで, 中浦, 治之丞","雪室(男性, 25-29歳) | ひで(男性, 25-29歳) | 中浦(女性, 25-29歳) | 治之丞(男性, 30-34歳)",4,友人宅で友人たちと夕食を取りながら,室内_友人知人宅,友人知人,T022_013a.csv,3+ speakers (対象外): 4 speakers
T022_013,T022_013b,雪室,25-29歳,男性,"雪室, ひで, 中浦, 治之丞","雪室(男性, 25-29歳) | ひで(男性, 25-29歳) | 中浦(女性, 25-29歳) | 治之丞(男性, 30-34歳)",4,友人宅で友人たちと夕食を取りながら,室内_友人知人宅,友人知人,T022_013b.csv,3+ speakers (対象外): 4 speakers
T022_013,T022_013c,雪室,25-29歳,男性,"雪室, ひで, 中浦, 治之丞","雪室(男性, 25-29歳) | ひで(男性, 25-29歳) | 中浦(女性, 25-29歳) | 治之丞(男性, 30-34歳)",4,友人宅で友人たちと夕食を取りながら,室内_友人知人宅,友人知人,T022_013c.csv,3+ speakers (対象外): 4 speakers
T022_013,T022_013d,雪室,25-29歳,男性,"雪室, ひで, 中浦, 治之丞","雪室(男性, 25-29歳) | ひで(男性, 25-29歳) | 中浦(女性, 25-29歳) | 治之丞(男性, 30-34歳)",4,友人宅で友人たちと夕食を取りながら,室内_友人知人宅,友人知人,T022_013d.csv,3+ speakers (対象外): 4 speakers
T022_015,T022_015,雪室,25-29歳,男性,"雪室, 治之丞, 店員","雪室(男性, 25-29歳) | 治之丞(男性, 30-34歳) | 店員(男性, nan)",3,飲食店で友人と誕生日会,公共商業施設_飲食店,友人知人,T022_015.csv,Unknown/missing age or gender data
T023_002,T023_002,指田,60-64歳,男性,"指田, 紀子, 智香, 拓司, 栄作","指田(男性, 60-64歳) | 紀子(女性, 55-59歳) | 智香(女性, 25-29歳) | 拓司(男性, 25-29歳) | 栄作(男性, 0-4歳)",5,娘の家で配偶者・娘夫婦・孫と雑談,室内_家族宅,家族,T023_002.csv,3+ speakers (対象外): 5 speakers
T023_004,T023_004,指田,60-64歳,男性,"指田, 紀子, 深田, 岩川, 島井, 大橋","指田(男性, 60-64歳) | 紀子(女性, 55-59歳) | 深田(女性, 50-54歳) | 岩川(女性, 45-49歳) | 島井(女性, 90-94歳) | 大橋(女性, 60-64歳)",6,お茶室で配偶者・配偶者のお弟子さんたちと雑談,自宅,友人知人・家族・先生生徒,T023_004.csv,3+ speakers (対象外): 6 speakers
T023_005,T023_005,指田,60-64歳,男性,"指田, 嘉村, 折口","指田(男性, 60-64歳) | 嘉村(男性, 60-64歳) | 折口(男性, 65-69歳)",3,友人の別荘で元同僚・友人と夕食を食べながら,室内_別荘,友人知人・元同僚,T023_005.csv,3+ speakers (対象外): 3 speakers
T023_008,T023_008a,指田,60-64歳,男性,"指田, 紀子, 実, 雪乃","指田(男性, 60-64歳) | 紀子(女性, 55-59歳) | 実(男性, 80-84歳) | 雪乃(女性, 70-74歳)",4,おじの家で配偶者・おじ夫婦と夕食を取りながら,室内_親類宅,家族・親戚,T023_008a.csv,3+ speakers (対象外): 4 speakers
T023_008,T023_008b,指田,60-64歳,男性,"指田, 紀子, 実, 雪乃","指田(男性, 60-64歳) | 紀子(女性, 55-59歳) | 実(男性, 80-84歳) | 雪乃(女性, 70-74歳)",4,おじの家で配偶者・おじ夫婦と夕食を取りながら,室内_親類宅,家族・親戚,T023_008b.csv,3+ speakers (対象外): 4 speakers
T023_009,T023_009,指田,60-64歳,男性,"指田, 古久保, 黒森, 牛島, 今林, 店員","指田(男性, 60-64歳) | 古久保(男性, 60-64歳) | 黒森(男性, 55-59歳) | 牛島(男性, 65-69歳) | 今林(男性, 65-69歳) | 店員(男性, nan)",6,飲食店で元同僚と飲みながら,公共商業施設_飲食店,友人知人・元同僚,T023_009.csv,Unknown/missing age or gender data
T023_011,T023_011,指田,60-64歳,男性,"指田, 紀子, 智香, 和恵","指田(男性, 60-64歳) | 紀子(女性, 55-59歳) | 智香(女性, 25-29歳) | 和恵(女性, 25-29歳)",4,自宅で配偶者・娘たちと雑談,自宅,家族,T023_011.csv,3+ speakers (対象外): 4 speakers
T023_012,T023_012,指田,60-64歳,男性,"指田, 紀子, 和恵","指田(男性, 60-64歳) | 紀子(女性, 55-59歳) | 和恵(女性, 25-29歳)",3,自宅で配偶者・娘と雑談,自宅,家族,T023_012.csv,3+ speakers (対象外): 3 speakers
T023_020,T023_020,指田,60-64歳,男性,"指田, 伊吹, 店員","指田(男性, 60-64歳) | 伊吹(男性, 60-64歳) | 店員(男性, nan)",3,飲食店で友人と飲みながら,公共商業施設_飲食店,友人知人,T023_020.csv,Unknown/missing age or gender data
T024_001,T024_001,堂島,55-59歳,男性,"堂島, みどり, 瀬菜","堂島(男性, 55-59歳) | みどり(女性, 50-54歳) | 瀬菜(女性, 15-19歳)",3,配偶者・娘と車で移動中,交通機関_車,家族,T024_001.csv,3+ speakers (対象外): 3 speakers
T024_003,T024_003b,堂島,55-59歳,男性,"堂島, 小春, みどり, 絵美, 秀人, 薫, 竜彦, 店員","堂島(男性, 55-59歳) | 小春(女性, 80-84歳) | みどり(女性, 50-54歳) | 絵美(女性, 15-19歳) | 秀人(男性, 10-14歳) | 薫(女性, 25-29歳) | 竜彦(男性, 25-29歳) | 店員(女性, nan)",8,飲食店で家族・親戚・親戚の友人と夕食を取りながら,公共商業施設_飲食店,友人知人・家族・親戚,T024_003b.csv,Unknown/missing age or gender data
T024_003,T024_003a,堂島,55-59歳,男性,"堂島, 小春, みどり, 絵美, 秀人, 薫, 竜彦, 店員","堂島(男性, 55-59歳) | 小春(女性, 80-84歳) | みどり(女性, 50-54歳) | 絵美(女性, 15-19歳) | 秀人(男性, 10-14歳) | 薫(女性, 25-29歳) | 竜彦(男性, 25-29歳) | 店員(女性, nan)",8,飲食店で家族・親戚・親戚の友人と夕食を取りながら,公共商業施設_飲食店,友人知人・家族・親戚,T024_003a.csv,Unknown/missing age or gender data
T024_004,T024_004,堂島,55-59歳,男性,"堂島, 小春, みどり, 絵美, 秀人","堂島(男性, 55-59歳) | 小春(女性, 80-84歳) | みどり(女性, 50-54歳) | 絵美(女性, 15-19歳) | 秀人(男性, 10-14歳)",5,自宅で配偶者・子どもたち・義母と夕食を取りながら,自宅,家族,T024_004.csv,3+ speakers (対象外): 5 speakers
T024_005,T024_005,堂島,55-59歳,男性,"堂島, 小春, みどり, 秀人","堂島(男性, 55-59歳) | 小春(女性, 80-84歳) | みどり(女性, 50-54歳) | 秀人(男性, 10-14歳)",4,自宅で配偶者・息子・義母と夕食を取りながら,自宅,家族,T024_005.csv,3+ speakers (対象外): 4 speakers
T024_006,T024_006,堂島,55-59歳,男性,"堂島, みどり, 瀬菜, 秀人","堂島(男性, 55-59歳) | みどり(女性, 50-54歳) | 瀬菜(女性, 15-19歳) | 秀人(男性, 10-14歳)",4,自宅で配偶者・娘・息子と夕食を取りながら,自宅,家族,T024_006.csv,3+ speakers (対象外): 4 speakers
T024_007,T024_007,堂島,55-59歳,男性,"堂島, みどり, 瀬菜, 秀人","堂島(男性, 55-59歳) | みどり(女性, 50-54歳) | 瀬菜(女性, 15-19歳) | 秀人(男性, 10-14歳)",4,自宅で配偶者・娘・息子と夕食を取りながら,自宅,家族,T024_007.csv,3+ speakers (対象外): 4 speakers
T024_008,T024_008,堂島,55-59歳,男性,"堂島, 町田, 店員","堂島(男性, 55-59歳) | 町田(男性, 55-59歳) | 店員(男性, nan)",3,飲食店で同僚と飲みながら,公共商業施設_飲食店,同僚,T024_008.csv,Unknown/missing age or gender data
T024_009,T024_009,堂島,55-59歳,男性,"堂島, 小島, ファン, 郷, 田中, 辛島, 有坂, 高畑","堂島(男性, 55-59歳) | 小島(女性, 65-69歳) | ファン(男性, 50-54歳) | 郷(男性, 60-64歳) | 田中(男性, 35-39歳) | 辛島(男性, 25-29歳) | 有坂(男性, 30-34歳) | 高畑(男性, 60-64歳)",8,大学で同僚・取引先と会議,職場,同僚・仕事関係,T024_009.csv,3+ speakers (対象外): 8 speakers
T024_010,T024_010,堂島,55-59歳,男性,"堂島, ファン, 青島, 久米田, 店員, 店員","堂島(男性, 55-59歳) | ファン(男性, 50-54歳) | 青島(男性, 60-64歳) | 久米田(男性, nan) | 店員(男性, nan) | 店員(女性, nan)",6,飲食店で同僚と夕食を取りながら,公共商業施設_飲食店,同僚,T024_010.csv,Unknown/missing age or gender data
W001_001,W001_001b,葉山,50-54歳,女性,"葉山, 鶴島, 吉澤, 福間, 松川, 楠見, 池上, 相崎","葉山(女性, 50-54歳) | 鶴島(女性, 55-59歳) | 吉澤(男性, 55-59歳) | 福間(男性, 45-49歳) | 松川(男性, 60-64歳) | 楠見(女性, 25-29歳) | 池上(男性, 35-39歳) | 相崎(女性, 50-54歳)",8,研究機関で広報に関して打合せ,職場,同僚,W001_001b.csv,3+ speakers (対象外): 8 speakers
W001_001,W001_001c,葉山,50-54歳,女性,"葉山, 鶴島, 吉澤, 福間, 松川, 楠見, 池上, 相崎","葉山(女性, 50-54歳) | 鶴島(女性, 55-59歳) | 吉澤(男性, 55-59歳) | 福間(男性, 45-49歳) | 松川(男性, 60-64歳) | 楠見(女性, 25-29歳) | 池上(男性, 35-39歳) | 相崎(女性, 50-54歳)",8,研究機関で広報に関して打合せ,職場,同僚,W001_001c.csv,3+ speakers (対象外): 8 speakers
W001_001,W001_001a,葉山,50-54歳,女性,"葉山, 鶴島, 吉澤, 福間, 松川, 楠見, 池上, 相崎","葉山(女性, 50-54歳) | 鶴島(女性, 55-59歳) | 吉澤(男性, 55-59歳) | 福間(男性, 45-49歳) | 松川(男性, 60-64歳) | 楠見(女性, 25-29歳) | 池上(男性, 35-39歳) | 相崎(女性, 50-54歳)",8,研究機関で広報に関して打合せ,職場,同僚,W001_001a.csv,3+ speakers (対象外): 8 speakers
W001_002,W001_002,松川,60-64歳,男性,"葉山, 松川, 相崎, 神辺, 仲居, 榎田, 南部, 川久保, 立浪","葉山(女性, 50-54歳) | 松川(男性, 60-64歳) | 相崎(女性, 50-54歳) | 神辺(男性, 55-59歳) | 仲居(男性, 40-44歳) | 榎田(女性, 40-44歳) | 南部(男性, 25-29歳) | 川久保(男性, 45-49歳) | 立浪(男性, 50-54歳)",9,研究機関で広報に関して打合せ,職場,同僚,W001_002.csv,3+ speakers (対象外): 9 speakers
W001_003,W001_003a,松川,60-64歳,男性,"葉山, 松川, 相崎, 神辺, 仲居, 榎田, 南部, 川久保, 北園, 折本, 末松, 武井, 八柳","葉山(女性, 50-54歳) | 松川(男性, 60-64歳) | 相崎(女性, 50-54歳) | 神辺(男性, 55-59歳) | 仲居(男性, 40-44歳) | 榎田(女性, 40-44歳) | 南部(男性, 25-29歳) | 川久保(男性, 45-49歳) | 北園(男性, 55-59歳) | 折本(女性, 55-59歳) | 末松(女性, 35-39歳) | 武井(男性, 35-39歳) | 八柳(女性, 60-64歳)",13,研究機関で広報に関して打合せ,職場,同僚,W001_003a.csv,3+ speakers (対象外): 13 speakers
W001_003,W001_003b,松川,60-64歳,男性,"葉山, 松川, 相崎, 神辺, 仲居, 榎田, 南部, 川久保, 北園, 折本, 末松, 武井, 八柳","葉山(女性, 50-54歳) | 松川(男性, 60-64歳) | 相崎(女性, 50-54歳) | 神辺(男性, 55-59歳) | 仲居(男性, 40-44歳) | 榎田(女性, 40-44歳) | 南部(男性, 25-29歳) | 川久保(男性, 45-49歳) | 北園(男性, 55-59歳) | 折本(女性, 55-59歳) | 末松(女性, 35-39歳) | 武井(男性, 35-39歳) | 八柳(女性, 60-64歳)",13,研究機関で広報に関して打合せ,職場,同僚,W001_003b.csv,3+ speakers (対象外): 13 speakers
W001_003,W001_003c,松川,60-64歳,男性,"葉山, 松川, 池上, 相崎, 神辺, 仲居, 榎田, 南部, 川久保, 北園, 折本, 末松, 武井, 八柳","葉山(女性, 50-54歳) | 松川(男性, 60-64歳) | 池上(男性, 35-39歳) | 相崎(女性, 50-54歳) | 神辺(男性, 55-59歳) | 仲居(男性, 40-44歳) | 榎田(女性, 40-44歳) | 南部(男性, 25-29歳) | 川久保(男性, 45-49歳) | 北園(男性, 55-59歳) | 折本(女性, 55-59歳) | 末松(女性, 35-39歳) | 武井(男性, 35-39歳) | 八柳(女性, 60-64歳)",14,研究機関で広報に関して打合せ,職場,同僚,W001_003c.csv,3+ speakers (対象外): 14 speakers
W001_003,W001_003d,松川,60-64歳,男性,"葉山, 松川, 池上, 相崎, 神辺, 仲居, 榎田, 南部, 川久保, 北園, 折本, 末松, 武井, 八柳","葉山(女性, 50-54歳) | 松川(男性, 60-64歳) | 池上(男性, 35-39歳) | 相崎(女性, 50-54歳) | 神辺(男性, 55-59歳) | 仲居(男性, 40-44歳) | 榎田(女性, 40-44歳) | 南部(男性, 25-29歳) | 川久保(男性, 45-49歳) | 北園(男性, 55-59歳) | 折本(女性, 55-59歳) | 末松(女性, 35-39歳) | 武井(男性, 35-39歳) | 八柳(女性, 60-64歳)",14,研究機関で広報に関して打合せ,職場,同僚,W001_003d.csv,3+ speakers (対象外): 14 speakers
W001_004,W001_004,葉山,50-54歳,女性,"葉山, 松川, 池上, 神辺, 仲居, 南部, 川久保, 北園, 折本, 末松, 武井, 八柳","葉山(女性, 50-54歳) | 松川(男性, 60-64歳) | 池上(男性, 35-39歳) | 神辺(男性, 55-59歳) | 仲居(男性, 40-44歳) | 南部(男性, 25-29歳) | 川久保(男性, 45-49歳) | 北園(男性, 55-59歳) | 折本(女性, 55-59歳) | 末松(女性, 35-39歳) | 武井(男性, 35-39歳) | 八柳(女性, 60-64歳)",12,研究機関で広報に関して打合せ,職場,同僚,W001_004.csv,3+ speakers (対象外): 12 speakers
W002_001,W002_001,田崎,15-19歳,女性,"田崎, 友永, 津田, 今村, 志村, 畑中, 松田, 岩国, 井田, 寺井, 板野, 柴田, 物井, 渋沢","田崎(女性, 15-19歳) | 友永(女性, 15-19歳) | 津田(女性, 15-19歳) | 今村(男性, 15-19歳) | 志村(女性, 15-19歳) | 畑中(男性, 15-19歳) | 松田(女性, 15-19歳) | 岩国(男性, 30-34歳) | 井田(男性, 15-19歳) | 寺井(女性, 15-19歳) | 板野(男性, 15-19歳) | 柴田(男性, 15-19歳) | 物井(男性, 15-19歳) | 渋沢(女性, 15-19歳)",14,高校で生徒たちが部活の反省会,学校,友人知人・先生生徒,W002_001.csv,3+ speakers (対象外): 14 speakers
W003_001,W003_001,島屋,35-39歳,女性,"島屋, 宍戸, 種川, 中森, 生徒","島屋(女性, 35-39歳) | 宍戸(男性, 10-14歳) | 種川(男性, 10-14歳) | 中森(女性, 40-44歳) | 生徒(女性, nan)",5,研究機関で中学生たちが職員の講義に参加,公共商業施設_公共施設,友人知人・先生生徒,W003_001.csv,Unknown/missing age or gender data
W004_001,W004_001a,万波,60-64歳,男性,"万波, 大原, 菅井, 間島, 鹿田, 沖田","万波(男性, 60-64歳) | 大原(女性, 35-39歳) | 菅井(女性, 35-39歳) | 間島(女性, 50-54歳) | 鹿田(女性, 35-39歳) | 沖田(女性, 30-34歳)",6,歯科医院で定例打合せ,職場,同僚,W004_001a.csv,3+ speakers (対象外): 6 speakers
W004_001,W004_001b,万波,60-64歳,男性,"万波, 大原, 菅井, 間島, 鹿田, 沖田","万波(男性, 60-64歳) | 大原(女性, 35-39歳) | 菅井(女性, 35-39歳) | 間島(女性, 50-54歳) | 鹿田(女性, 35-39歳) | 沖田(女性, 30-34歳)",6,歯科医院で定例打合せ,職場,同僚,W004_001b.csv,3+ speakers (対象外): 6 speakers
W004_002,W004_002,万波,60-64歳,男性,"万波, 大原, 菅井, 間島, 鹿田, 沖田","万波(男性, 60-64歳) | 大原(女性, 35-39歳) | 菅井(女性, 35-39歳) | 間島(女性, 50-54歳) | 鹿田(女性, 35-39歳) | 沖田(女性, 30-34歳)",6,歯科医院で定例打合せ,職場,同僚,W004_002.csv,3+ speakers (対象外): 6 speakers
W004_003,W004_003,万波,60-64歳,男性,"万波, 大原, 菅井, 間島, 鹿田, 沖田","万波(男性, 60-64歳) | 大原(女性, 35-39歳) | 菅井(女性, 35-39歳) | 間島(女性, 50-54歳) | 鹿田(女性, 35-39歳) | 沖田(女性, 30-34歳)",6,歯科医院で定例打合せ,職場,同僚,W004_003.csv,3+ speakers (対象外): 6 speakers
W004_004,W004_004a,万波,60-64歳,男性,"万波, 大原, 菅井, 間島, 鹿田, 沖田, 客","万波(男性, 60-64歳) | 大原(女性, 35-39歳) | 菅井(女性, 35-39歳) | 間島(女性, 50-54歳) | 鹿田(女性, 35-39歳) | 沖田(女性, 30-34歳) | 客(女性, nan)",7,歯科医院で定例打合せ,職場,同僚,W004_004a.csv,Unknown/missing age or gender data
W004_004,W004_004b,万波,60-64歳,男性,"万波, 大原, 菅井, 間島, 鹿田, 沖田, 客","万波(男性, 60-64歳) | 大原(女性, 35-39歳) | 菅井(女性, 35-39歳) | 間島(女性, 50-54歳) | 鹿田(女性, 35-39歳) | 沖田(女性, 30-34歳) | 客(女性, nan)",7,歯科医院で定例打合せ,職場,同僚,W004_004b.csv,Unknown/missing age or gender data
W004_005,W004_005a,万波,60-64歳,男性,"万波, 大原, 菅井, 間島, 鹿田, 沖田","万波(男性, 60-64歳) | 大原(女性, 35-39歳) | 菅井(女性, 35-39歳) | 間島(女性, 50-54歳) | 鹿田(女性, 35-39歳) | 沖田(女性, 30-34歳)",6,歯科医院で定例打合せ,職場,同僚,W004_005a.csv,3+ speakers (対象外): 6 speakers
W004_005,W004_005b,万波,60-64歳,男性,"万波, 大原, 菅井, 間島, 鹿田, 沖田","万波(男性, 60-64歳) | 大原(女性, 35-39歳) | 菅井(女性, 35-39歳) | 間島(女性, 50-54歳) | 鹿田(女性, 35-39歳) | 沖田(女性, 30-34歳)",6,歯科医院で定例打合せ,職場,同僚,W004_005b.csv,3+ speakers (対象外): 6 speakers
W004_006,W004_006,万波,60-64歳,男性,"万波, 大原, 菅井, 間島, 鹿田, 沖田","万波(男性, 60-64歳) | 大原(女性, 35-39歳) | 菅井(女性, 35-39歳) | 間島(女性, 50-54歳) | 鹿田(女性, 35-39歳) | 沖田(女性, 30-34歳)",6,歯科医院で定例打合せ,職場,同僚,W004_006.csv,3+ speakers (対象外): 6 speakers
W004_007,W004_007a,万波,60-64歳,男性,"万波, 大原, 菅井, 間島, 鹿田, 沖田","万波(男性, 60-64歳) | 大原(女性, 35-39歳) | 菅井(女性, 35-39歳) | 間島(女性, 50-54歳) | 鹿田(女性, 35-39歳) | 沖田(女性, 30-34歳)",6,歯科医院で定例打合せ,職場,同僚,W004_007a.csv,3+ speakers (対象外): 6 speakers
W004_007,W004_007b,万波,60-64歳,男性,"万波, 大原, 菅井, 間島, 鹿田, 沖田","万波(男性, 60-64歳) | 大原(女性, 35-39歳) | 菅井(女性, 35-39歳) | 間島(女性, 50-54歳) | 鹿田(女性, 35-39歳) | 沖田(女性, 30-34歳)",6,歯科医院で定例打合せ,職場,同僚,W004_007b.csv,3+ speakers (対象外): 6 speakers
W004_008,W004_008b,万波,60-64歳,男性,"万波, 大原, 菅井, 間島, 鹿田, 沖田","万波(男性, 60-64歳) | 大原(女性, 35-39歳) | 菅井(女性, 35-39歳) | 間島(女性, 50-54歳) | 鹿田(女性, 35-39歳) | 沖田(女性, 30-34歳)",6,歯科医院で定例打合せ,職場,同僚,W004_008b.csv,3+ speakers (対象外): 6 speakers
W004_008,W004_008a,万波,60-64歳,男性,"万波, 大原, 菅井, 間島, 鹿田, 沖田","万波(男性, 60-64歳) | 大原(女性, 35-39歳) | 菅井(女性, 35-39歳) | 間島(女性, 50-54歳) | 鹿田(女性, 35-39歳) | 沖田(女性, 30-34歳)",6,歯科医院で定例打合せ,職場,同僚,W004_008a.csv,3+ speakers (対象外): 6 speakers
W004_009,W004_009,万波,60-64歳,男性,"万波, 大原, 菅井, 間島, 鹿田, 沖田","万波(男性, 60-64歳) | 大原(女性, 35-39歳) | 菅井(女性, 35-39歳) | 間島(女性, 50-54歳) | 鹿田(女性, 35-39歳) | 沖田(女性, 30-34歳)",6,歯科医院で定例打合せ,職場,同僚,W004_009.csv,3+ speakers (対象外): 6 speakers
W004_010,W004_010a,万波,60-64歳,男性,"万波, 大原, 菅井, 間島, 鹿田, 沖田","万波(男性, 60-64歳) | 大原(女性, 35-39歳) | 菅井(女性, 35-39歳) | 間島(女性, 50-54歳) | 鹿田(女性, 35-39歳) | 沖田(女性, 30-34歳)",6,歯科医院で定例打合せ,職場,同僚,W004_010a.csv,3+ speakers (対象外): 6 speakers
W004_010,W004_010b,万波,60-64歳,男性,"万波, 大原, 菅井, 間島, 鹿田, 沖田","万波(男性, 60-64歳) | 大原(女性, 35-39歳) | 菅井(女性, 35-39歳) | 間島(女性, 50-54歳) | 鹿田(女性, 35-39歳) | 沖田(女性, 30-34歳)",6,歯科医院で定例打合せ,職場,同僚,W004_010b.csv,3+ speakers (対象外): 6 speakers
W005_001,W005_001,下曽山,10-14歳,男性,"葉山, 秋山, 下曽山, 広野, 片山, 渡野, 峯岸, 糸山, 仲居","葉山(女性, 50-54歳) | 秋山(女性, 35-39歳) | 下曽山(男性, 10-14歳) | 広野(男性, 10-14歳) | 片山(男性, 10-14歳) | 渡野(男性, 10-14歳) | 峯岸(女性, 10-14歳) | 糸山(女性, 10-14歳) | 仲居(女性, 10-14歳)",9,研究機関で中学生たちが職員の講義に参加,公共商業施設_公共施設,友人知人・先生生徒,W005_001.csv,3+ speakers (対象外): 9 speakers
W006_001,W006_001,舞奈,15-19歳,女性,"舞奈, 梨緒, 店員, 若菜","舞奈(女性, 15-19歳) | 梨緒(女性, 15-19歳) | 店員(女性, nan) | 若菜(女性, 15-19歳)",4,飲食店で高校生たちが夕食を取りながら,公共商業施設_飲食店,友人知人,W006_001.csv,Unknown/missing age or gender data
W007_003,W007_003,白石,30-34歳,男性,"一色, 湯本, 白石","一色(女性, 40-44歳) | 湯本(男性, 30-34歳) | 白石(男性, 30-34歳)",3,収録室で撮影の打合せ,職場,仕事関係,W007_003.csv,3+ speakers (対象外): 3 speakers
W007_004,W007_004b,白石,30-34歳,男性,"野守, 滝山, 白石","野守(男性, 25-29歳) | 滝山(男性, 25-29歳) | 白石(男性, 30-34歳)",3,事務所で撮影の打合せ,職場,仕事関係,W007_004b.csv,3+ speakers (対象外): 3 speakers
W007_004,W007_004a,白石,30-34歳,男性,"野守, 滝山, 白石","野守(男性, 25-29歳) | 滝山(男性, 25-29歳) | 白石(男性, 30-34歳)",3,事務所で撮影の打合せ,職場,仕事関係,W007_004a.csv,3+ speakers (対象外): 3 speakers
W008_001,W008_001b,峰,55-59歳,男性,"峰, 藤山, 山尾, 吉沼, 沢口","峰(男性, 55-59歳) | 藤山(男性, 30-34歳) | 山尾(男性, 35-39歳) | 吉沼(女性, 40-44歳) | 沢口(女性, 35-39歳)",5,会議室で委員会,職場,仕事関係,W008_001b.csv,3+ speakers (対象外): 5 speakers
W008_001,W008_001c,峰,55-59歳,男性,"峰, 藤山, 山尾, 吉沼, 沢口","峰(男性, 55-59歳) | 藤山(男性, 30-34歳) | 山尾(男性, 35-39歳) | 吉沼(女性, 40-44歳) | 沢口(女性, 35-39歳)",5,会議室で委員会,職場,仕事関係,W008_001c.csv,3+ speakers (対象外): 5 speakers
W008_001,W008_001a,峰,55-59歳,男性,"峰, 藤山, 山尾, 吉沼, 沢口","峰(男性, 55-59歳) | 藤山(男性, 30-34歳) | 山尾(男性, 35-39歳) | 吉沼(女性, 40-44歳) | 沢口(女性, 35-39歳)",5,会議室で委員会,職場,仕事関係,W008_001a.csv,3+ speakers (対象外): 5 speakers
W009_001,W009_001,澄香,15-19歳,女性,"里奈, 奈々, 由麻, 店員, 店員, 澄香","里奈(女性, 15-19歳) | 奈々(女性, 15-19歳) | 由麻(女性, 15-19歳) | 店員(女性, nan) | 店員(男性, nan) | 澄香(女性, 15-19歳)",6,飲食店で高校生たちが夕食を取りながら,公共商業施設_飲食店,友人知人,W009_001.csv,Unknown/missing age or gender data
W011_001,W011_001a,百田,15-19歳,男性,"百田, 鎌江, 沢島","百田(男性, 15-19歳) | 鎌江(男性, 15-19歳) | 沢島(男性, 15-19歳)",3,自宅で高校生たちがオンラインで雑談,自宅,友人知人,W011_001a.csv,3+ speakers (対象外): 3 speakers
W011_001,W011_001b,百田,15-19歳,男性,"百田, 鎌江, 沢島","百田(男性, 15-19歳) | 鎌江(男性, 15-19歳) | 沢島(男性, 15-19歳)",3,自宅で高校生たちがオンラインで雑談,自宅,友人知人,W011_001b.csv,3+ speakers (対象外): 3 speakers
